/Users/kiwankim/test778/naver_scrape/sellerocean_yearly.py:167: DeprecationWarning: datetime.datetime.utcnow() is deprecated and scheduled for removal in a future version. Use timezone-aware objects to represent datetimes in UTC: datetime.datetime.now(datetime.UTC).
  (datetime.utcnow() - timedelta(days=args.days)).strftime("%Y-%m-%d"))
[plan] cutoff=2025-04-29 boards=['board_generation_story', 'board_qna', 'sales', 'trouble'] workers=5
[resume] already in posts_yearly.jsonl: 0 posts
[2026-04-30 00:50:59] INFO: Fetched (200) <GET https://sellerocean.com/bbs_list.php?tb=board_generation_story&start=0> (referer: https://www.google.com/)
  [board_generation_story] start=    0 rows=21 new=21 kept=21 bottom=2026-04-27
[2026-04-30 00:51:00] INFO: Fetched (200) <GET https://sellerocean.com/bbs_list.php?tb=board_generation_story&start=30> (referer: https://www.google.com/)
  [board_generation_story] start=   30 rows=21 new=20 kept=20 bottom=2026-04-20
[2026-04-30 00:51:01] INFO: Fetched (200) <GET https://sellerocean.com/bbs_list.php?tb=board_generation_story&start=60> (referer: https://www.google.com/)
  [board_generation_story] start=   60 rows=21 new=20 kept=20 bottom=2026-04-10
[2026-04-30 00:51:02] INFO: Fetched (200) <GET https://sellerocean.com/bbs_list.php?tb=board_generation_story&start=90> (referer: https://www.google.com/)
  [board_generation_story] start=   90 rows=21 new=20 kept=20 bottom=2026-04-07
[2026-04-30 00:51:04] INFO: Fetched (200) <GET https://sellerocean.com/bbs_list.php?tb=board_generation_story&start=120> (referer: https://www.google.com/)
  [board_generation_story] start=  120 rows=21 new=20 kept=20 bottom=2026-04-05
[2026-04-30 00:51:05] INFO: Fetched (200) <GET https://sellerocean.com/bbs_list.php?tb=board_generation_story&start=150> (referer: https://www.google.com/)
  [board_generation_story] start=  150 rows=21 new=20 kept=20 bottom=2026-03-24
[2026-04-30 00:51:06] INFO: Fetched (200) <GET https://sellerocean.com/bbs_list.php?tb=board_generation_story&start=180> (referer: https://www.google.com/)
  [board_generation_story] start=  180 rows=21 new=20 kept=20 bottom=2026-03-18
[2026-04-30 00:51:07] INFO: Fetched (200) <GET https://sellerocean.com/bbs_list.php?tb=board_generation_story&start=210> (referer: https://www.google.com/)
  [board_generation_story] start=  210 rows=21 new=20 kept=20 bottom=2026-03-11
[2026-04-30 00:51:08] INFO: Fetched (200) <GET https://sellerocean.com/bbs_list.php?tb=board_generation_story&start=240> (referer: https://www.google.com/)
  [board_generation_story] start=  240 rows=21 new=20 kept=20 bottom=2026-03-04
[2026-04-30 00:51:10] INFO: Fetched (200) <GET https://sellerocean.com/bbs_list.php?tb=board_generation_story&start=270> (referer: https://www.google.com/)
  [board_generation_story] start=  270 rows=21 new=20 kept=20 bottom=2026-02-25
[2026-04-30 00:51:11] INFO: Fetched (200) <GET https://sellerocean.com/bbs_list.php?tb=board_generation_story&start=300> (referer: https://www.google.com/)
  [board_generation_story] start=  300 rows=21 new=20 kept=20 bottom=2026-02-16
[2026-04-30 00:51:12] INFO: Fetched (200) <GET https://sellerocean.com/bbs_list.php?tb=board_generation_story&start=330> (referer: https://www.google.com/)
  [board_generation_story] start=  330 rows=21 new=20 kept=20 bottom=2026-02-04
[2026-04-30 00:51:13] INFO: Fetched (200) <GET https://sellerocean.com/bbs_list.php?tb=board_generation_story&start=360> (referer: https://www.google.com/)
  [board_generation_story] start=  360 rows=21 new=20 kept=20 bottom=2026-02-02
[2026-04-30 00:51:14] INFO: Fetched (200) <GET https://sellerocean.com/bbs_list.php?tb=board_generation_story&start=390> (referer: https://www.google.com/)
  [board_generation_story] start=  390 rows=21 new=20 kept=20 bottom=2026-01-28
[2026-04-30 00:51:15] INFO: Fetched (200) <GET https://sellerocean.com/bbs_list.php?tb=board_generation_story&start=420> (referer: https://www.google.com/)
  [board_generation_story] start=  420 rows=21 new=20 kept=20 bottom=2026-01-20
[2026-04-30 00:51:17] INFO: Fetched (200) <GET https://sellerocean.com/bbs_list.php?tb=board_generation_story&start=450> (referer: https://www.google.com/)
  [board_generation_story] start=  450 no new posts (streak 1)
[2026-04-30 00:51:18] INFO: Fetched (200) <GET https://sellerocean.com/bbs_list.php?tb=board_generation_story&start=480> (referer: https://www.google.com/)
  [board_generation_story] start=  480 no new posts (streak 2)
[list] board_generation_story: 301 in window, 301 new to fetch
[2026-04-30 00:51:19] INFO: Fetched (200) <GET https://sellerocean.com/bbs_list.php?tb=board_qna&start=0> (referer: https://www.google.com/)
  [board_qna] start=    0 rows=21 new=21 kept=21 bottom=2026-04-23
[2026-04-30 00:51:20] INFO: Fetched (200) <GET https://sellerocean.com/bbs_list.php?tb=board_qna&start=30> (referer: https://www.google.com/)
  [board_qna] start=   30 rows=25 new=20 kept=20 bottom=2026-04-10
[2026-04-30 00:51:21] INFO: Fetched (200) <GET https://sellerocean.com/bbs_list.php?tb=board_qna&start=60> (referer: https://www.google.com/)
  [board_qna] start=   60 rows=25 new=20 kept=20 bottom=2026-04-08
[2026-04-30 00:51:22] INFO: Fetched (200) <GET https://sellerocean.com/bbs_list.php?tb=board_qna&start=90> (referer: https://www.google.com/)
  [board_qna] start=   90 rows=25 new=20 kept=20 bottom=2026-04-05
[2026-04-30 00:51:24] INFO: Fetched (200) <GET https://sellerocean.com/bbs_list.php?tb=board_qna&start=120> (referer: https://www.google.com/)
  [board_qna] start=  120 rows=25 new=20 kept=20 bottom=2026-03-27
[2026-04-30 00:51:25] INFO: Fetched (200) <GET https://sellerocean.com/bbs_list.php?tb=board_qna&start=150> (referer: https://www.google.com/)
  [board_qna] start=  150 rows=25 new=20 kept=20 bottom=2026-03-17
[2026-04-30 00:51:26] INFO: Fetched (200) <GET https://sellerocean.com/bbs_list.php?tb=board_qna&start=180> (referer: https://www.google.com/)
  [board_qna] start=  180 rows=25 new=20 kept=20 bottom=2026-02-27
[2026-04-30 00:51:27] INFO: Fetched (200) <GET https://sellerocean.com/bbs_list.php?tb=board_qna&start=210> (referer: https://www.google.com/)
  [board_qna] start=  210 rows=25 new=20 kept=20 bottom=2026-01-28
[2026-04-30 00:51:28] INFO: Fetched (200) <GET https://sellerocean.com/bbs_list.php?tb=board_qna&start=240> (referer: https://www.google.com/)
  [board_qna] start=  240 no new posts (streak 1)
[2026-04-30 00:51:29] INFO: Fetched (200) <GET https://sellerocean.com/bbs_list.php?tb=board_qna&start=270> (referer: https://www.google.com/)
  [board_qna] start=  270 no new posts (streak 2)
[list] board_qna: 161 in window, 161 new to fetch
[2026-04-30 00:51:30] INFO: Fetched (200) <GET https://sellerocean.com/bbs_list.php?tb=sales&start=0> (referer: https://www.google.com/)
  [sales] start=    0 rows=21 new=21 kept=21 bottom=2026-04-17
[2026-04-30 00:51:32] INFO: Fetched (200) <GET https://sellerocean.com/bbs_list.php?tb=sales&start=30> (referer: https://www.google.com/)
  [sales] start=   30 rows=21 new=20 kept=20 bottom=2026-04-05
[2026-04-30 00:51:33] INFO: Fetched (200) <GET https://sellerocean.com/bbs_list.php?tb=sales&start=60> (referer: https://www.google.com/)
  [sales] start=   60 rows=21 new=20 kept=20 bottom=2026-03-18
[2026-04-30 00:51:34] INFO: Fetched (200) <GET https://sellerocean.com/bbs_list.php?tb=sales&start=90> (referer: https://www.google.com/)
  [sales] start=   90 rows=21 new=20 kept=20 bottom=2026-02-19
[2026-04-30 00:51:36] INFO: Fetched (200) <GET https://sellerocean.com/bbs_list.php?tb=sales&start=120> (referer: https://www.google.com/)
  [sales] start=  120 rows=15 new=14 kept=14 bottom=2026-01-28
[2026-04-30 00:51:37] INFO: Fetched (200) <GET https://sellerocean.com/bbs_list.php?tb=sales&start=150> (referer: https://www.google.com/)
  [sales] start=  150 no new posts (streak 1)
[2026-04-30 00:51:38] INFO: Fetched (200) <GET https://sellerocean.com/bbs_list.php?tb=sales&start=180> (referer: https://www.google.com/)
  [sales] start=  180 no new posts (streak 2)
[list] sales: 95 in window, 95 new to fetch
[2026-04-30 00:51:39] INFO: Fetched (200) <GET https://sellerocean.com/bbs_list.php?tb=trouble&start=0> (referer: https://www.google.com/)
  [trouble] start=    0 rows=21 new=21 kept=21 bottom=2026-04-02
[2026-04-30 00:51:40] INFO: Fetched (200) <GET https://sellerocean.com/bbs_list.php?tb=trouble&start=30> (referer: https://www.google.com/)
  [trouble] start=   30 rows=23 new=20 kept=20 bottom=2026-01-28
[2026-04-30 00:51:41] INFO: Fetched (200) <GET https://sellerocean.com/bbs_list.php?tb=trouble&start=60> (referer: https://www.google.com/)
  [trouble] start=   60 no new posts (streak 1)
[2026-04-30 00:51:42] INFO: Fetched (200) <GET https://sellerocean.com/bbs_list.php?tb=trouble&start=90> (referer: https://www.google.com/)
  [trouble] start=   90 no new posts (streak 2)
[list] trouble: 41 in window, 41 new to fetch
[plan] total to fetch: 598
[2026-04-30 00:51:44] INFO: Fetched (200) <GET https://sellerocean.com/bbs_detail.php?bbs_num=3&tb=board_generation_story> (referer: https://www.google.com/)
[2026-04-30 00:51:44] INFO: Fetched (200) <GET https://sellerocean.com/bbs_detail.php?bbs_num=6515&tb=board_generation_story> (referer: https://www.google.com/)
[2026-04-30 00:51:44] INFO: Fetched (200) <GET https://sellerocean.com/bbs_detail.php?bbs_num=6517&tb=board_generation_story> (referer: https://www.google.com/)
[2026-04-30 00:51:44] INFO: Fetched (200) <GET https://sellerocean.com/bbs_detail.php?bbs_num=6514&tb=board_generation_story> (referer: https://www.google.com/)
[2026-04-30 00:51:44] INFO: Fetched (200) <GET https://sellerocean.com/bbs_detail.php?bbs_num=6516&tb=board_generation_story> (referer: https://www.google.com/)
[2026-04-30 00:51:46] INFO: Fetched (200) <GET https://sellerocean.com/bbs_detail.php?bbs_num=6512&tb=board_generation_story> (referer: https://www.google.com/)
[2026-04-30 00:51:46] INFO: Fetched (200) <GET https://sellerocean.com/bbs_detail.php?bbs_num=6513&tb=board_generation_story> (referer: https://www.google.com/)
[2026-04-30 00:51:47] INFO: Fetched (200) <GET https://sellerocean.com/bbs_detail.php?bbs_num=6509&tb=board_generation_story> (referer: https://www.google.com/)
[2026-04-30 00:51:47] INFO: Fetched (200) <GET https://sellerocean.com/bbs_detail.php?bbs_num=6511&tb=board_generation_story> (referer: https://www.google.com/)
[2026-04-30 00:51:47] INFO: Fetched (200) <GET https://sellerocean.com/bbs_detail.php?bbs_num=6510&tb=board_generation_story> (referer: https://www.google.com/)
[2026-04-30 00:51:49] INFO: Fetched (200) <GET https://sellerocean.com/bbs_detail.php?bbs_num=6507&tb=board_generation_story> (referer: https://www.google.com/)
[2026-04-30 00:51:49] INFO: Fetched (200) <GET https://sellerocean.com/bbs_detail.php?bbs_num=6508&tb=board_generation_story> (referer: https://www.google.com/)
[2026-04-30 00:51:49] INFO: Fetched (200) <GET https://sellerocean.com/bbs_detail.php?bbs_num=6505&tb=board_generation_story> (referer: https://www.google.com/)
[2026-04-30 00:51:49] INFO: Fetched (200) <GET https://sellerocean.com/bbs_detail.php?bbs_num=6506&tb=board_generation_story> (referer: https://www.google.com/)
[2026-04-30 00:51:49] INFO: Fetched (200) <GET https://sellerocean.com/bbs_detail.php?bbs_num=6504&tb=board_generation_story> (referer: https://www.google.com/)
[2026-04-30 00:51:50] INFO: Fetched (200) <GET https://sellerocean.com/bbs_detail.php?bbs_num=6503&tb=board_generation_story> (referer: https://www.google.com/)
[2026-04-30 00:51:50] INFO: Fetched (200) <GET https://sellerocean.com/bbs_detail.php?bbs_num=6501&tb=board_generation_story> (referer: https://www.google.com/)
[2026-04-30 00:51:50] INFO: Fetched (200) <GET https://sellerocean.com/bbs_detail.php?bbs_num=6499&tb=board_generation_story> (referer: https://www.google.com/)
[2026-04-30 00:51:51] INFO: Fetched (200) <GET https://sellerocean.com/bbs_detail.php?bbs_num=6498&tb=board_generation_story> (referer: https://www.google.com/)
[2026-04-30 00:51:51] INFO: Fetched (200) <GET https://sellerocean.com/bbs_detail.php?bbs_num=6500&tb=board_generation_story> (referer: https://www.google.com/)
[2026-04-30 00:51:52] INFO: Fetched (200) <GET https://sellerocean.com/bbs_detail.php?bbs_num=6497&tb=board_generation_story> (referer: https://www.google.com/)
[2026-04-30 00:51:52] INFO: Fetched (200) <GET https://sellerocean.com/bbs_detail.php?bbs_num=6485&tb=board_generation_story> (referer: https://www.google.com/)
[2026-04-30 00:51:52] INFO: Fetched (200) <GET https://sellerocean.com/bbs_detail.php?bbs_num=6486&tb=board_generation_story> (referer: https://www.google.com/)
[2026-04-30 00:51:53] INFO: Fetched (200) <GET https://sellerocean.com/bbs_detail.php?bbs_num=6483&tb=board_generation_story> (referer: https://www.google.com/)
[2026-04-30 00:51:53] INFO: Fetched (200) <GET https://sellerocean.com/bbs_detail.php?bbs_num=6484&tb=board_generation_story> (referer: https://www.google.com/)
  [25/598] ok=25 fail=0
[2026-04-30 00:51:53] INFO: Fetched (200) <GET https://sellerocean.com/bbs_detail.php?bbs_num=6482&tb=board_generation_story> (referer: https://www.google.com/)
[2026-04-30 00:51:53] INFO: Fetched (200) <GET https://sellerocean.com/bbs_detail.php?bbs_num=6479&tb=board_generation_story> (referer: https://www.google.com/)
[2026-04-30 00:51:54] INFO: Fetched (200) <GET https://sellerocean.com/bbs_detail.php?bbs_num=6480&tb=board_generation_story> (referer: https://www.google.com/)
[2026-04-30 00:51:54] INFO: Fetched (200) <GET https://sellerocean.com/bbs_detail.php?bbs_num=6478&tb=board_generation_story> (referer: https://www.google.com/)
[2026-04-30 00:51:54] INFO: Fetched (200) <GET https://sellerocean.com/bbs_detail.php?bbs_num=6477&tb=board_generation_story> (referer: https://www.google.com/)
[2026-04-30 00:51:55] INFO: Fetched (200) <GET https://sellerocean.com/bbs_detail.php?bbs_num=6475&tb=board_generation_story> (referer: https://www.google.com/)
[2026-04-30 00:51:55] INFO: Fetched (200) <GET https://sellerocean.com/bbs_detail.php?bbs_num=6473&tb=board_generation_story> (referer: https://www.google.com/)
[2026-04-30 00:51:55] INFO: Fetched (200) <GET https://sellerocean.com/bbs_detail.php?bbs_num=6474&tb=board_generation_story> (referer: https://www.google.com/)
[2026-04-30 00:51:55] INFO: Fetched (200) <GET https://sellerocean.com/bbs_detail.php?bbs_num=6471&tb=board_generation_story> (referer: https://www.google.com/)
[2026-04-30 00:51:55] INFO: Fetched (200) <GET https://sellerocean.com/bbs_detail.php?bbs_num=6472&tb=board_generation_story> (referer: https://www.google.com/)
[2026-04-30 00:51:56] INFO: Fetched (200) <GET https://sellerocean.com/bbs_detail.php?bbs_num=6470&tb=board_generation_story> (referer: https://www.google.com/)
[2026-04-30 00:51:56] INFO: Fetched (200) <GET https://sellerocean.com/bbs_detail.php?bbs_num=6469&tb=board_generation_story> (referer: https://www.google.com/)
[2026-04-30 00:51:56] INFO: Fetched (200) <GET https://sellerocean.com/bbs_detail.php?bbs_num=6468&tb=board_generation_story> (referer: https://www.google.com/)
[2026-04-30 00:51:57] INFO: Fetched (200) <GET https://sellerocean.com/bbs_detail.php?bbs_num=6467&tb=board_generation_story> (referer: https://www.google.com/)
[2026-04-30 00:51:57] INFO: Fetched (200) <GET https://sellerocean.com/bbs_detail.php?bbs_num=6466&tb=board_generation_story> (referer: https://www.google.com/)
[2026-04-30 00:51:57] INFO: Fetched (200) <GET https://sellerocean.com/bbs_detail.php?bbs_num=6465&tb=board_generation_story> (referer: https://www.google.com/)
[2026-04-30 00:51:57] INFO: Fetched (200) <GET https://sellerocean.com/bbs_detail.php?bbs_num=6453&tb=board_generation_story> (referer: https://www.google.com/)
[2026-04-30 00:51:58] INFO: Fetched (200) <GET https://sellerocean.com/bbs_detail.php?bbs_num=6452&tb=board_generation_story> (referer: https://www.google.com/)
[2026-04-30 00:51:58] INFO: Fetched (200) <GET https://sellerocean.com/bbs_detail.php?bbs_num=6451&tb=board_generation_story> (referer: https://www.google.com/)
[2026-04-30 00:51:58] INFO: Fetched (200) <GET https://sellerocean.com/bbs_detail.php?bbs_num=6450&tb=board_generation_story> (referer: https://www.google.com/)
[2026-04-30 00:51:59] INFO: Fetched (200) <GET https://sellerocean.com/bbs_detail.php?bbs_num=6449&tb=board_generation_story> (referer: https://www.google.com/)
[2026-04-30 00:51:59] INFO: Fetched (200) <GET https://sellerocean.com/bbs_detail.php?bbs_num=6448&tb=board_generation_story> (referer: https://www.google.com/)
[2026-04-30 00:52:00] INFO: Fetched (200) <GET https://sellerocean.com/bbs_detail.php?bbs_num=6446&tb=board_generation_story> (referer: https://www.google.com/)
[2026-04-30 00:52:00] INFO: Fetched (200) <GET https://sellerocean.com/bbs_detail.php?bbs_num=6447&tb=board_generation_story> (referer: https://www.google.com/)
[2026-04-30 00:52:01] INFO: Fetched (200) <GET https://sellerocean.com/bbs_detail.php?bbs_num=6445&tb=board_generation_story> (referer: https://www.google.com/)
  [50/598] ok=50 fail=0
[2026-04-30 00:52:01] INFO: Fetched (200) <GET https://sellerocean.com/bbs_detail.php?bbs_num=6443&tb=board_generation_story> (referer: https://www.google.com/)
[2026-04-30 00:52:01] INFO: Fetched (200) <GET https://sellerocean.com/bbs_detail.php?bbs_num=6444&tb=board_generation_story> (referer: https://www.google.com/)
[2026-04-30 00:52:02] INFO: Fetched (200) <GET https://sellerocean.com/bbs_detail.php?bbs_num=6439&tb=board_generation_story> (referer: https://www.google.com/)
[2026-04-30 00:52:02] INFO: Fetched (200) <GET https://sellerocean.com/bbs_detail.php?bbs_num=6441&tb=board_generation_story> (referer: https://www.google.com/)
[2026-04-30 00:52:03] INFO: Fetched (200) <GET https://sellerocean.com/bbs_detail.php?bbs_num=6442&tb=board_generation_story> (referer: https://www.google.com/)
[2026-04-30 00:52:03] INFO: Fetched (200) <GET https://sellerocean.com/bbs_detail.php?bbs_num=6440&tb=board_generation_story> (referer: https://www.google.com/)
[2026-04-30 00:52:03] INFO: Fetched (200) <GET https://sellerocean.com/bbs_detail.php?bbs_num=6438&tb=board_generation_story> (referer: https://www.google.com/)
[2026-04-30 00:52:05] INFO: Fetched (200) <GET https://sellerocean.com/bbs_detail.php?bbs_num=6437&tb=board_generation_story> (referer: https://www.google.com/)
[2026-04-30 00:52:05] INFO: Fetched (200) <GET https://sellerocean.com/bbs_detail.php?bbs_num=6436&tb=board_generation_story> (referer: https://www.google.com/)
[2026-04-30 00:52:05] INFO: Fetched (200) <GET https://sellerocean.com/bbs_detail.php?bbs_num=6433&tb=board_generation_story> (referer: https://www.google.com/)
[2026-04-30 00:52:06] INFO: Fetched (200) <GET https://sellerocean.com/bbs_detail.php?bbs_num=6434&tb=board_generation_story> (referer: https://www.google.com/)
[2026-04-30 00:52:06] INFO: Fetched (200) <GET https://sellerocean.com/bbs_detail.php?bbs_num=6422&tb=board_generation_story> (referer: https://www.google.com/)
[2026-04-30 00:52:07] INFO: Fetched (200) <GET https://sellerocean.com/bbs_detail.php?bbs_num=6421&tb=board_generation_story> (referer: https://www.google.com/)
[2026-04-30 00:52:07] INFO: Fetched (200) <GET https://sellerocean.com/bbs_detail.php?bbs_num=6419&tb=board_generation_story> (referer: https://www.google.com/)
[2026-04-30 00:52:07] INFO: Fetched (200) <GET https://sellerocean.com/bbs_detail.php?bbs_num=6420&tb=board_generation_story> (referer: https://www.google.com/)
[2026-04-30 00:52:07] INFO: Fetched (200) <GET https://sellerocean.com/bbs_detail.php?bbs_num=6418&tb=board_generation_story> (referer: https://www.google.com/)
[2026-04-30 00:52:08] INFO: Fetched (200) <GET https://sellerocean.com/bbs_detail.php?bbs_num=6417&tb=board_generation_story> (referer: https://www.google.com/)
[2026-04-30 00:52:08] INFO: Fetched (200) <GET https://sellerocean.com/bbs_detail.php?bbs_num=6416&tb=board_generation_story> (referer: https://www.google.com/)
[2026-04-30 00:52:08] INFO: Fetched (200) <GET https://sellerocean.com/bbs_detail.php?bbs_num=6415&tb=board_generation_story> (referer: https://www.google.com/)
[2026-04-30 00:52:08] INFO: Fetched (200) <GET https://sellerocean.com/bbs_detail.php?bbs_num=6414&tb=board_generation_story> (referer: https://www.google.com/)
[2026-04-30 00:52:09] INFO: Fetched (200) <GET https://sellerocean.com/bbs_detail.php?bbs_num=6413&tb=board_generation_story> (referer: https://www.google.com/)
[2026-04-30 00:52:09] INFO: Fetched (200) <GET https://sellerocean.com/bbs_detail.php?bbs_num=6412&tb=board_generation_story> (referer: https://www.google.com/)
[2026-04-30 00:52:09] INFO: Fetched (200) <GET https://sellerocean.com/bbs_detail.php?bbs_num=6411&tb=board_generation_story> (referer: https://www.google.com/)
[2026-04-30 00:52:09] INFO: Fetched (200) <GET https://sellerocean.com/bbs_detail.php?bbs_num=6409&tb=board_generation_story> (referer: https://www.google.com/)
[2026-04-30 00:52:10] INFO: Fetched (200) <GET https://sellerocean.com/bbs_detail.php?bbs_num=6410&tb=board_generation_story> (referer: https://www.google.com/)
  [75/598] ok=75 fail=0
[2026-04-30 00:52:10] INFO: Fetched (200) <GET https://sellerocean.com/bbs_detail.php?bbs_num=6408&tb=board_generation_story> (referer: https://www.google.com/)
[2026-04-30 00:52:11] INFO: Fetched (200) <GET https://sellerocean.com/bbs_detail.php?bbs_num=6406&tb=board_generation_story> (referer: https://www.google.com/)
[2026-04-30 00:52:11] INFO: Fetched (200) <GET https://sellerocean.com/bbs_detail.php?bbs_num=6407&tb=board_generation_story> (referer: https://www.google.com/)
[2026-04-30 00:52:11] INFO: Fetched (200) <GET https://sellerocean.com/bbs_detail.php?bbs_num=6405&tb=board_generation_story> (referer: https://www.google.com/)
[2026-04-30 00:52:11] INFO: Fetched (200) <GET https://sellerocean.com/bbs_detail.php?bbs_num=6404&tb=board_generation_story> (referer: https://www.google.com/)
[2026-04-30 00:52:12] INFO: Fetched (200) <GET https://sellerocean.com/bbs_detail.php?bbs_num=6403&tb=board_generation_story> (referer: https://www.google.com/)
[2026-04-30 00:52:12] INFO: Fetched (200) <GET https://sellerocean.com/bbs_detail.php?bbs_num=6392&tb=board_generation_story> (referer: https://www.google.com/)
[2026-04-30 00:52:12] INFO: Fetched (200) <GET https://sellerocean.com/bbs_detail.php?bbs_num=6391&tb=board_generation_story> (referer: https://www.google.com/)
[2026-04-30 00:52:13] INFO: Fetched (200) <GET https://sellerocean.com/bbs_detail.php?bbs_num=6390&tb=board_generation_story> (referer: https://www.google.com/)
[2026-04-30 00:52:13] INFO: Fetched (200) <GET https://sellerocean.com/bbs_detail.php?bbs_num=6389&tb=board_generation_story> (referer: https://www.google.com/)
[2026-04-30 00:52:13] INFO: Fetched (200) <GET https://sellerocean.com/bbs_detail.php?bbs_num=6388&tb=board_generation_story> (referer: https://www.google.com/)
[2026-04-30 00:52:13] INFO: Fetched (200) <GET https://sellerocean.com/bbs_detail.php?bbs_num=6387&tb=board_generation_story> (referer: https://www.google.com/)
[2026-04-30 00:52:14] INFO: Fetched (200) <GET https://sellerocean.com/bbs_detail.php?bbs_num=6386&tb=board_generation_story> (referer: https://www.google.com/)
[2026-04-30 00:52:14] INFO: Fetched (200) <GET https://sellerocean.com/bbs_detail.php?bbs_num=6384&tb=board_generation_story> (referer: https://www.google.com/)
[2026-04-30 00:52:14] INFO: Fetched (200) <GET https://sellerocean.com/bbs_detail.php?bbs_num=6385&tb=board_generation_story> (referer: https://www.google.com/)
[2026-04-30 00:52:15] INFO: Fetched (200) <GET https://sellerocean.com/bbs_detail.php?bbs_num=6382&tb=board_generation_story> (referer: https://www.google.com/)
[2026-04-30 00:52:15] INFO: Fetched (200) <GET https://sellerocean.com/bbs_detail.php?bbs_num=6383&tb=board_generation_story> (referer: https://www.google.com/)
[2026-04-30 00:52:16] INFO: Fetched (200) <GET https://sellerocean.com/bbs_detail.php?bbs_num=6381&tb=board_generation_story> (referer: https://www.google.com/)
[2026-04-30 00:52:16] INFO: Fetched (200) <GET https://sellerocean.com/bbs_detail.php?bbs_num=6380&tb=board_generation_story> (referer: https://www.google.com/)
[2026-04-30 00:52:16] INFO: Fetched (200) <GET https://sellerocean.com/bbs_detail.php?bbs_num=6379&tb=board_generation_story> (referer: https://www.google.com/)
[2026-04-30 00:52:16] INFO: Fetched (200) <GET https://sellerocean.com/bbs_detail.php?bbs_num=6378&tb=board_generation_story> (referer: https://www.google.com/)
[2026-04-30 00:52:16] INFO: Fetched (200) <GET https://sellerocean.com/bbs_detail.php?bbs_num=6377&tb=board_generation_story> (referer: https://www.google.com/)
[2026-04-30 00:52:17] INFO: Fetched (200) <GET https://sellerocean.com/bbs_detail.php?bbs_num=6376&tb=board_generation_story> (referer: https://www.google.com/)
[2026-04-30 00:52:17] INFO: Fetched (200) <GET https://sellerocean.com/bbs_detail.php?bbs_num=6375&tb=board_generation_story> (referer: https://www.google.com/)
[2026-04-30 00:52:17] INFO: Fetched (200) <GET https://sellerocean.com/bbs_detail.php?bbs_num=6374&tb=board_generation_story> (referer: https://www.google.com/)
  [100/598] ok=100 fail=0
[2026-04-30 00:52:18] INFO: Fetched (200) <GET https://sellerocean.com/bbs_detail.php?bbs_num=6373&tb=board_generation_story> (referer: https://www.google.com/)
[2026-04-30 00:52:18] INFO: Fetched (200) <GET https://sellerocean.com/bbs_detail.php?bbs_num=6360&tb=board_generation_story> (referer: https://www.google.com/)
[2026-04-30 00:52:18] INFO: Fetched (200) <GET https://sellerocean.com/bbs_detail.php?bbs_num=6359&tb=board_generation_story> (referer: https://www.google.com/)
[2026-04-30 00:52:19] INFO: Fetched (200) <GET https://sellerocean.com/bbs_detail.php?bbs_num=6358&tb=board_generation_story> (referer: https://www.google.com/)
[2026-04-30 00:52:19] INFO: Fetched (200) <GET https://sellerocean.com/bbs_detail.php?bbs_num=6357&tb=board_generation_story> (referer: https://www.google.com/)
[2026-04-30 00:52:20] INFO: Fetched (200) <GET https://sellerocean.com/bbs_detail.php?bbs_num=6356&tb=board_generation_story> (referer: https://www.google.com/)
[2026-04-30 00:52:20] INFO: Fetched (200) <GET https://sellerocean.com/bbs_detail.php?bbs_num=6354&tb=board_generation_story> (referer: https://www.google.com/)
[2026-04-30 00:52:20] INFO: Fetched (200) <GET https://sellerocean.com/bbs_detail.php?bbs_num=6355&tb=board_generation_story> (referer: https://www.google.com/)
[2026-04-30 00:52:20] INFO: Fetched (200) <GET https://sellerocean.com/bbs_detail.php?bbs_num=6353&tb=board_generation_story> (referer: https://www.google.com/)
[2026-04-30 00:52:21] INFO: Fetched (200) <GET https://sellerocean.com/bbs_detail.php?bbs_num=6352&tb=board_generation_story> (referer: https://www.google.com/)
[2026-04-30 00:52:21] INFO: Fetched (200) <GET https://sellerocean.com/bbs_detail.php?bbs_num=6351&tb=board_generation_story> (referer: https://www.google.com/)
[2026-04-30 00:52:21] INFO: Fetched (200) <GET https://sellerocean.com/bbs_detail.php?bbs_num=6349&tb=board_generation_story> (referer: https://www.google.com/)
[2026-04-30 00:52:21] INFO: Fetched (200) <GET https://sellerocean.com/bbs_detail.php?bbs_num=6348&tb=board_generation_story> (referer: https://www.google.com/)
[2026-04-30 00:52:22] INFO: Fetched (200) <GET https://sellerocean.com/bbs_detail.php?bbs_num=6346&tb=board_generation_story> (referer: https://www.google.com/)
[2026-04-30 00:52:22] INFO: Fetched (200) <GET https://sellerocean.com/bbs_detail.php?bbs_num=6347&tb=board_generation_story> (referer: https://www.google.com/)
[2026-04-30 00:52:22] INFO: Fetched (200) <GET https://sellerocean.com/bbs_detail.php?bbs_num=6344&tb=board_generation_story> (referer: https://www.google.com/)
[2026-04-30 00:52:22] INFO: Fetched (200) <GET https://sellerocean.com/bbs_detail.php?bbs_num=6345&tb=board_generation_story> (referer: https://www.google.com/)
[2026-04-30 00:52:23] INFO: Fetched (200) <GET https://sellerocean.com/bbs_detail.php?bbs_num=6343&tb=board_generation_story> (referer: https://www.google.com/)
[2026-04-30 00:52:23] INFO: Fetched (200) <GET https://sellerocean.com/bbs_detail.php?bbs_num=6342&tb=board_generation_story> (referer: https://www.google.com/)
[2026-04-30 00:52:23] INFO: Fetched (200) <GET https://sellerocean.com/bbs_detail.php?bbs_num=6341&tb=board_generation_story> (referer: https://www.google.com/)
[2026-04-30 00:52:24] INFO: Fetched (200) <GET https://sellerocean.com/bbs_detail.php?bbs_num=6340&tb=board_generation_story> (referer: https://www.google.com/)
[2026-04-30 00:52:24] INFO: Fetched (200) <GET https://sellerocean.com/bbs_detail.php?bbs_num=6328&tb=board_generation_story> (referer: https://www.google.com/)
[2026-04-30 00:52:24] INFO: Fetched (200) <GET https://sellerocean.com/bbs_detail.php?bbs_num=6327&tb=board_generation_story> (referer: https://www.google.com/)
[2026-04-30 00:52:25] INFO: Fetched (200) <GET https://sellerocean.com/bbs_detail.php?bbs_num=6326&tb=board_generation_story> (referer: https://www.google.com/)
[2026-04-30 00:52:25] INFO: Fetched (200) <GET https://sellerocean.com/bbs_detail.php?bbs_num=6325&tb=board_generation_story> (referer: https://www.google.com/)
  [125/598] ok=125 fail=0
[2026-04-30 00:52:25] INFO: Fetched (200) <GET https://sellerocean.com/bbs_detail.php?bbs_num=6324&tb=board_generation_story> (referer: https://www.google.com/)
[2026-04-30 00:52:25] INFO: Fetched (200) <GET https://sellerocean.com/bbs_detail.php?bbs_num=6323&tb=board_generation_story> (referer: https://www.google.com/)
[2026-04-30 00:52:26] INFO: Fetched (200) <GET https://sellerocean.com/bbs_detail.php?bbs_num=6322&tb=board_generation_story> (referer: https://www.google.com/)
[2026-04-30 00:52:26] INFO: Fetched (200) <GET https://sellerocean.com/bbs_detail.php?bbs_num=6320&tb=board_generation_story> (referer: https://www.google.com/)
[2026-04-30 00:52:26] INFO: Fetched (200) <GET https://sellerocean.com/bbs_detail.php?bbs_num=6319&tb=board_generation_story> (referer: https://www.google.com/)
[2026-04-30 00:52:27] INFO: Fetched (200) <GET https://sellerocean.com/bbs_detail.php?bbs_num=6318&tb=board_generation_story> (referer: https://www.google.com/)
[2026-04-30 00:52:27] INFO: Fetched (200) <GET https://sellerocean.com/bbs_detail.php?bbs_num=6317&tb=board_generation_story> (referer: https://www.google.com/)
[2026-04-30 00:52:27] INFO: Fetched (200) <GET https://sellerocean.com/bbs_detail.php?bbs_num=6316&tb=board_generation_story> (referer: https://www.google.com/)
[2026-04-30 00:52:28] INFO: Fetched (200) <GET https://sellerocean.com/bbs_detail.php?bbs_num=6314&tb=board_generation_story> (referer: https://www.google.com/)
[2026-04-30 00:52:28] INFO: Fetched (200) <GET https://sellerocean.com/bbs_detail.php?bbs_num=6315&tb=board_generation_story> (referer: https://www.google.com/)
[2026-04-30 00:52:28] INFO: Fetched (200) <GET https://sellerocean.com/bbs_detail.php?bbs_num=6313&tb=board_generation_story> (referer: https://www.google.com/)
[2026-04-30 00:52:29] INFO: Fetched (200) <GET https://sellerocean.com/bbs_detail.php?bbs_num=6312&tb=board_generation_story> (referer: https://www.google.com/)
[2026-04-30 00:52:29] INFO: Fetched (200) <GET https://sellerocean.com/bbs_detail.php?bbs_num=6311&tb=board_generation_story> (referer: https://www.google.com/)
[2026-04-30 00:52:30] INFO: Fetched (200) <GET https://sellerocean.com/bbs_detail.php?bbs_num=6310&tb=board_generation_story> (referer: https://www.google.com/)
[2026-04-30 00:52:30] INFO: Fetched (200) <GET https://sellerocean.com/bbs_detail.php?bbs_num=6309&tb=board_generation_story> (referer: https://www.google.com/)
[2026-04-30 00:52:30] INFO: Fetched (200) <GET https://sellerocean.com/bbs_detail.php?bbs_num=6308&tb=board_generation_story> (referer: https://www.google.com/)
[2026-04-30 00:52:31] INFO: Fetched (200) <GET https://sellerocean.com/bbs_detail.php?bbs_num=6296&tb=board_generation_story> (referer: https://www.google.com/)
[2026-04-30 00:52:31] INFO: Fetched (200) <GET https://sellerocean.com/bbs_detail.php?bbs_num=6297&tb=board_generation_story> (referer: https://www.google.com/)
[2026-04-30 00:52:31] INFO: Fetched (200) <GET https://sellerocean.com/bbs_detail.php?bbs_num=6295&tb=board_generation_story> (referer: https://www.google.com/)
[2026-04-30 00:52:31] INFO: Fetched (200) <GET https://sellerocean.com/bbs_detail.php?bbs_num=6294&tb=board_generation_story> (referer: https://www.google.com/)
[2026-04-30 00:52:32] INFO: Fetched (200) <GET https://sellerocean.com/bbs_detail.php?bbs_num=6292&tb=board_generation_story> (referer: https://www.google.com/)
[2026-04-30 00:52:32] INFO: Fetched (200) <GET https://sellerocean.com/bbs_detail.php?bbs_num=6293&tb=board_generation_story> (referer: https://www.google.com/)
[2026-04-30 00:52:32] INFO: Fetched (200) <GET https://sellerocean.com/bbs_detail.php?bbs_num=6291&tb=board_generation_story> (referer: https://www.google.com/)
[2026-04-30 00:52:33] INFO: Fetched (200) <GET https://sellerocean.com/bbs_detail.php?bbs_num=6290&tb=board_generation_story> (referer: https://www.google.com/)
[2026-04-30 00:52:33] INFO: Fetched (200) <GET https://sellerocean.com/bbs_detail.php?bbs_num=6289&tb=board_generation_story> (referer: https://www.google.com/)
  [150/598] ok=150 fail=0
[2026-04-30 00:52:34] INFO: Fetched (200) <GET https://sellerocean.com/bbs_detail.php?bbs_num=6288&tb=board_generation_story> (referer: https://www.google.com/)
[2026-04-30 00:52:34] INFO: Fetched (200) <GET https://sellerocean.com/bbs_detail.php?bbs_num=6286&tb=board_generation_story> (referer: https://www.google.com/)
[2026-04-30 00:52:34] INFO: Fetched (200) <GET https://sellerocean.com/bbs_detail.php?bbs_num=6287&tb=board_generation_story> (referer: https://www.google.com/)
[2026-04-30 00:52:35] INFO: Fetched (200) <GET https://sellerocean.com/bbs_detail.php?bbs_num=6285&tb=board_generation_story> (referer: https://www.google.com/)
[2026-04-30 00:52:35] INFO: Fetched (200) <GET https://sellerocean.com/bbs_detail.php?bbs_num=6284&tb=board_generation_story> (referer: https://www.google.com/)
[2026-04-30 00:52:35] INFO: Fetched (200) <GET https://sellerocean.com/bbs_detail.php?bbs_num=6281&tb=board_generation_story> (referer: https://www.google.com/)
[2026-04-30 00:52:35] INFO: Fetched (200) <GET https://sellerocean.com/bbs_detail.php?bbs_num=6282&tb=board_generation_story> (referer: https://www.google.com/)
[2026-04-30 00:52:35] INFO: Fetched (200) <GET https://sellerocean.com/bbs_detail.php?bbs_num=6283&tb=board_generation_story> (referer: https://www.google.com/)
[2026-04-30 00:52:36] INFO: Fetched (200) <GET https://sellerocean.com/bbs_detail.php?bbs_num=6279&tb=board_generation_story> (referer: https://www.google.com/)
[2026-04-30 00:52:36] INFO: Fetched (200) <GET https://sellerocean.com/bbs_detail.php?bbs_num=6280&tb=board_generation_story> (referer: https://www.google.com/)
[2026-04-30 00:52:37] INFO: Fetched (200) <GET https://sellerocean.com/bbs_detail.php?bbs_num=6278&tb=board_generation_story> (referer: https://www.google.com/)
[2026-04-30 00:52:37] INFO: Fetched (200) <GET https://sellerocean.com/bbs_detail.php?bbs_num=6267&tb=board_generation_story> (referer: https://www.google.com/)
[2026-04-30 00:52:37] INFO: Fetched (200) <GET https://sellerocean.com/bbs_detail.php?bbs_num=6266&tb=board_generation_story> (referer: https://www.google.com/)
[2026-04-30 00:52:38] INFO: Fetched (200) <GET https://sellerocean.com/bbs_detail.php?bbs_num=6265&tb=board_generation_story> (referer: https://www.google.com/)
[2026-04-30 00:52:38] INFO: Fetched (200) <GET https://sellerocean.com/bbs_detail.php?bbs_num=6264&tb=board_generation_story> (referer: https://www.google.com/)
[2026-04-30 00:52:38] INFO: Fetched (200) <GET https://sellerocean.com/bbs_detail.php?bbs_num=6263&tb=board_generation_story> (referer: https://www.google.com/)
[2026-04-30 00:52:38] INFO: Fetched (200) <GET https://sellerocean.com/bbs_detail.php?bbs_num=6262&tb=board_generation_story> (referer: https://www.google.com/)
[2026-04-30 00:52:39] INFO: Fetched (200) <GET https://sellerocean.com/bbs_detail.php?bbs_num=6261&tb=board_generation_story> (referer: https://www.google.com/)
[2026-04-30 00:52:39] INFO: Fetched (200) <GET https://sellerocean.com/bbs_detail.php?bbs_num=6260&tb=board_generation_story> (referer: https://www.google.com/)
[2026-04-30 00:52:39] INFO: Fetched (200) <GET https://sellerocean.com/bbs_detail.php?bbs_num=6259&tb=board_generation_story> (referer: https://www.google.com/)
[2026-04-30 00:52:39] INFO: Fetched (200) <GET https://sellerocean.com/bbs_detail.php?bbs_num=6258&tb=board_generation_story> (referer: https://www.google.com/)
[2026-04-30 00:52:40] INFO: Fetched (200) <GET https://sellerocean.com/bbs_detail.php?bbs_num=6257&tb=board_generation_story> (referer: https://www.google.com/)
[2026-04-30 00:52:40] INFO: Fetched (200) <GET https://sellerocean.com/bbs_detail.php?bbs_num=6255&tb=board_generation_story> (referer: https://www.google.com/)
[2026-04-30 00:52:40] INFO: Fetched (200) <GET https://sellerocean.com/bbs_detail.php?bbs_num=6256&tb=board_generation_story> (referer: https://www.google.com/)
[2026-04-30 00:52:41] INFO: Fetched (200) <GET https://sellerocean.com/bbs_detail.php?bbs_num=6254&tb=board_generation_story> (referer: https://www.google.com/)
  [175/598] ok=175 fail=0
[2026-04-30 00:52:41] INFO: Fetched (200) <GET https://sellerocean.com/bbs_detail.php?bbs_num=6253&tb=board_generation_story> (referer: https://www.google.com/)
[2026-04-30 00:52:41] INFO: Fetched (200) <GET https://sellerocean.com/bbs_detail.php?bbs_num=6252&tb=board_generation_story> (referer: https://www.google.com/)
[2026-04-30 00:52:42] INFO: Fetched (200) <GET https://sellerocean.com/bbs_detail.php?bbs_num=6249&tb=board_generation_story> (referer: https://www.google.com/)
[2026-04-30 00:52:43] INFO: Fetched (200) <GET https://sellerocean.com/bbs_detail.php?bbs_num=6251&tb=board_generation_story> (referer: https://www.google.com/)
[2026-04-30 00:52:43] INFO: Fetched (200) <GET https://sellerocean.com/bbs_detail.php?bbs_num=6250&tb=board_generation_story> (referer: https://www.google.com/)
[2026-04-30 00:52:43] INFO: Fetched (200) <GET https://sellerocean.com/bbs_detail.php?bbs_num=6237&tb=board_generation_story> (referer: https://www.google.com/)
[2026-04-30 00:52:43] INFO: Fetched (200) <GET https://sellerocean.com/bbs_detail.php?bbs_num=6248&tb=board_generation_story> (referer: https://www.google.com/)
[2026-04-30 00:52:44] INFO: Fetched (200) <GET https://sellerocean.com/bbs_detail.php?bbs_num=6236&tb=board_generation_story> (referer: https://www.google.com/)
[2026-04-30 00:52:44] INFO: Fetched (200) <GET https://sellerocean.com/bbs_detail.php?bbs_num=6235&tb=board_generation_story> (referer: https://www.google.com/)
[2026-04-30 00:52:44] INFO: Fetched (200) <GET https://sellerocean.com/bbs_detail.php?bbs_num=6231&tb=board_generation_story> (referer: https://www.google.com/)
[2026-04-30 00:52:45] INFO: Fetched (200) <GET https://sellerocean.com/bbs_detail.php?bbs_num=6230&tb=board_generation_story> (referer: https://www.google.com/)
[2026-04-30 00:52:45] INFO: Fetched (200) <GET https://sellerocean.com/bbs_detail.php?bbs_num=6232&tb=board_generation_story> (referer: https://www.google.com/)
[2026-04-30 00:52:46] INFO: Fetched (200) <GET https://sellerocean.com/bbs_detail.php?bbs_num=6227&tb=board_generation_story> (referer: https://www.google.com/)
[2026-04-30 00:52:46] INFO: Fetched (200) <GET https://sellerocean.com/bbs_detail.php?bbs_num=6229&tb=board_generation_story> (referer: https://www.google.com/)
[2026-04-30 00:52:46] INFO: Fetched (200) <GET https://sellerocean.com/bbs_detail.php?bbs_num=6225&tb=board_generation_story> (referer: https://www.google.com/)
[2026-04-30 00:52:46] INFO: Fetched (200) <GET https://sellerocean.com/bbs_detail.php?bbs_num=6228&tb=board_generation_story> (referer: https://www.google.com/)
[2026-04-30 00:52:47] INFO: Fetched (200) <GET https://sellerocean.com/bbs_detail.php?bbs_num=6226&tb=board_generation_story> (referer: https://www.google.com/)
[2026-04-30 00:52:47] INFO: Fetched (200) <GET https://sellerocean.com/bbs_detail.php?bbs_num=6224&tb=board_generation_story> (referer: https://www.google.com/)
[2026-04-30 00:52:48] INFO: Fetched (200) <GET https://sellerocean.com/bbs_detail.php?bbs_num=6223&tb=board_generation_story> (referer: https://www.google.com/)
[2026-04-30 00:52:48] INFO: Fetched (200) <GET https://sellerocean.com/bbs_detail.php?bbs_num=6222&tb=board_generation_story> (referer: https://www.google.com/)
[2026-04-30 00:52:48] INFO: Fetched (200) <GET https://sellerocean.com/bbs_detail.php?bbs_num=6221&tb=board_generation_story> (referer: https://www.google.com/)
[2026-04-30 00:52:48] INFO: Fetched (200) <GET https://sellerocean.com/bbs_detail.php?bbs_num=6220&tb=board_generation_story> (referer: https://www.google.com/)
[2026-04-30 00:52:49] INFO: Fetched (200) <GET https://sellerocean.com/bbs_detail.php?bbs_num=6219&tb=board_generation_story> (referer: https://www.google.com/)
[2026-04-30 00:52:49] INFO: Fetched (200) <GET https://sellerocean.com/bbs_detail.php?bbs_num=6218&tb=board_generation_story> (referer: https://www.google.com/)
[2026-04-30 00:52:49] INFO: Fetched (200) <GET https://sellerocean.com/bbs_detail.php?bbs_num=6217&tb=board_generation_story> (referer: https://www.google.com/)
  [200/598] ok=200 fail=0
[2026-04-30 00:52:49] INFO: Fetched (200) <GET https://sellerocean.com/bbs_detail.php?bbs_num=6216&tb=board_generation_story> (referer: https://www.google.com/)
[2026-04-30 00:52:50] INFO: Fetched (200) <GET https://sellerocean.com/bbs_detail.php?bbs_num=6205&tb=board_generation_story> (referer: https://www.google.com/)
[2026-04-30 00:52:50] INFO: Fetched (200) <GET https://sellerocean.com/bbs_detail.php?bbs_num=6204&tb=board_generation_story> (referer: https://www.google.com/)
[2026-04-30 00:52:50] INFO: Fetched (200) <GET https://sellerocean.com/bbs_detail.php?bbs_num=6203&tb=board_generation_story> (referer: https://www.google.com/)
[2026-04-30 00:52:50] INFO: Fetched (200) <GET https://sellerocean.com/bbs_detail.php?bbs_num=6200&tb=board_generation_story> (referer: https://www.google.com/)
[2026-04-30 00:52:51] INFO: Fetched (200) <GET https://sellerocean.com/bbs_detail.php?bbs_num=6202&tb=board_generation_story> (referer: https://www.google.com/)
[2026-04-30 00:52:51] INFO: Fetched (200) <GET https://sellerocean.com/bbs_detail.php?bbs_num=6199&tb=board_generation_story> (referer: https://www.google.com/)
[2026-04-30 00:52:51] INFO: Fetched (200) <GET https://sellerocean.com/bbs_detail.php?bbs_num=6198&tb=board_generation_story> (referer: https://www.google.com/)
[2026-04-30 00:52:51] INFO: Fetched (200) <GET https://sellerocean.com/bbs_detail.php?bbs_num=6197&tb=board_generation_story> (referer: https://www.google.com/)
[2026-04-30 00:52:52] INFO: Fetched (200) <GET https://sellerocean.com/bbs_detail.php?bbs_num=6196&tb=board_generation_story> (referer: https://www.google.com/)
[2026-04-30 00:52:52] INFO: Fetched (200) <GET https://sellerocean.com/bbs_detail.php?bbs_num=6195&tb=board_generation_story> (referer: https://www.google.com/)
[2026-04-30 00:52:52] INFO: Fetched (200) <GET https://sellerocean.com/bbs_detail.php?bbs_num=6194&tb=board_generation_story> (referer: https://www.google.com/)
[2026-04-30 00:52:53] INFO: Fetched (200) <GET https://sellerocean.com/bbs_detail.php?bbs_num=6191&tb=board_generation_story> (referer: https://www.google.com/)
[2026-04-30 00:52:53] INFO: Fetched (200) <GET https://sellerocean.com/bbs_detail.php?bbs_num=6193&tb=board_generation_story> (referer: https://www.google.com/)
[2026-04-30 00:52:53] INFO: Fetched (200) <GET https://sellerocean.com/bbs_detail.php?bbs_num=6192&tb=board_generation_story> (referer: https://www.google.com/)
[2026-04-30 00:52:53] INFO: Fetched (200) <GET https://sellerocean.com/bbs_detail.php?bbs_num=6190&tb=board_generation_story> (referer: https://www.google.com/)
[2026-04-30 00:52:54] INFO: Fetched (200) <GET https://sellerocean.com/bbs_detail.php?bbs_num=6189&tb=board_generation_story> (referer: https://www.google.com/)
[2026-04-30 00:52:55] INFO: Fetched (200) <GET https://sellerocean.com/bbs_detail.php?bbs_num=6188&tb=board_generation_story> (referer: https://www.google.com/)
[2026-04-30 00:52:55] INFO: Fetched (200) <GET https://sellerocean.com/bbs_detail.php?bbs_num=6187&tb=board_generation_story> (referer: https://www.google.com/)
[2026-04-30 00:52:55] INFO: Fetched (200) <GET https://sellerocean.com/bbs_detail.php?bbs_num=6186&tb=board_generation_story> (referer: https://www.google.com/)
[2026-04-30 00:52:56] INFO: Fetched (200) <GET https://sellerocean.com/bbs_detail.php?bbs_num=6185&tb=board_generation_story> (referer: https://www.google.com/)
[2026-04-30 00:52:56] INFO: Fetched (200) <GET https://sellerocean.com/bbs_detail.php?bbs_num=6174&tb=board_generation_story> (referer: https://www.google.com/)
[2026-04-30 00:52:57] INFO: Fetched (200) <GET https://sellerocean.com/bbs_detail.php?bbs_num=6173&tb=board_generation_story> (referer: https://www.google.com/)
[2026-04-30 00:52:58] INFO: Fetched (200) <GET https://sellerocean.com/bbs_detail.php?bbs_num=6171&tb=board_generation_story> (referer: https://www.google.com/)
[2026-04-30 00:52:58] INFO: Fetched (200) <GET https://sellerocean.com/bbs_detail.php?bbs_num=6170&tb=board_generation_story> (referer: https://www.google.com/)
  [225/598] ok=225 fail=0
[2026-04-30 00:52:58] INFO: Fetched (200) <GET https://sellerocean.com/bbs_detail.php?bbs_num=6172&tb=board_generation_story> (referer: https://www.google.com/)
[2026-04-30 00:52:58] INFO: Fetched (200) <GET https://sellerocean.com/bbs_detail.php?bbs_num=6169&tb=board_generation_story> (referer: https://www.google.com/)
[2026-04-30 00:52:59] INFO: Fetched (200) <GET https://sellerocean.com/bbs_detail.php?bbs_num=6168&tb=board_generation_story> (referer: https://www.google.com/)
[2026-04-30 00:53:00] INFO: Fetched (200) <GET https://sellerocean.com/bbs_detail.php?bbs_num=6165&tb=board_generation_story> (referer: https://www.google.com/)
[2026-04-30 00:53:01] INFO: Fetched (200) <GET https://sellerocean.com/bbs_detail.php?bbs_num=6166&tb=board_generation_story> (referer: https://www.google.com/)
[2026-04-30 00:53:01] INFO: Fetched (200) <GET https://sellerocean.com/bbs_detail.php?bbs_num=6167&tb=board_generation_story> (referer: https://www.google.com/)
[2026-04-30 00:53:01] INFO: Fetched (200) <GET https://sellerocean.com/bbs_detail.php?bbs_num=6164&tb=board_generation_story> (referer: https://www.google.com/)
[2026-04-30 00:53:03] INFO: Fetched (200) <GET https://sellerocean.com/bbs_detail.php?bbs_num=6163&tb=board_generation_story> (referer: https://www.google.com/)
[2026-04-30 00:53:03] INFO: Fetched (200) <GET https://sellerocean.com/bbs_detail.php?bbs_num=6162&tb=board_generation_story> (referer: https://www.google.com/)
[2026-04-30 00:53:04] INFO: Fetched (200) <GET https://sellerocean.com/bbs_detail.php?bbs_num=6161&tb=board_generation_story> (referer: https://www.google.com/)
[2026-04-30 00:53:05] INFO: Fetched (200) <GET https://sellerocean.com/bbs_detail.php?bbs_num=6159&tb=board_generation_story> (referer: https://www.google.com/)
[2026-04-30 00:53:06] INFO: Fetched (200) <GET https://sellerocean.com/bbs_detail.php?bbs_num=6156&tb=board_generation_story> (referer: https://www.google.com/)
[2026-04-30 00:53:06] INFO: Fetched (200) <GET https://sellerocean.com/bbs_detail.php?bbs_num=6157&tb=board_generation_story> (referer: https://www.google.com/)
[2026-04-30 00:53:06] INFO: Fetched (200) <GET https://sellerocean.com/bbs_detail.php?bbs_num=6160&tb=board_generation_story> (referer: https://www.google.com/)
[2026-04-30 00:53:08] INFO: Fetched (200) <GET https://sellerocean.com/bbs_detail.php?bbs_num=6154&tb=board_generation_story> (referer: https://www.google.com/)
[2026-04-30 00:53:08] INFO: Fetched (200) <GET https://sellerocean.com/bbs_detail.php?bbs_num=6141&tb=board_generation_story> (referer: https://www.google.com/)
[2026-04-30 00:53:08] INFO: Fetched (200) <GET https://sellerocean.com/bbs_detail.php?bbs_num=6155&tb=board_generation_story> (referer: https://www.google.com/)
[2026-04-30 00:53:08] INFO: Fetched (200) <GET https://sellerocean.com/bbs_detail.php?bbs_num=6143&tb=board_generation_story> (referer: https://www.google.com/)
[2026-04-30 00:53:09] INFO: Fetched (200) <GET https://sellerocean.com/bbs_detail.php?bbs_num=6140&tb=board_generation_story> (referer: https://www.google.com/)
[2026-04-30 00:53:09] INFO: Fetched (200) <GET https://sellerocean.com/bbs_detail.php?bbs_num=6139&tb=board_generation_story> (referer: https://www.google.com/)
[2026-04-30 00:53:10] INFO: Fetched (200) <GET https://sellerocean.com/bbs_detail.php?bbs_num=6138&tb=board_generation_story> (referer: https://www.google.com/)
[2026-04-30 00:53:10] INFO: Fetched (200) <GET https://sellerocean.com/bbs_detail.php?bbs_num=6137&tb=board_generation_story> (referer: https://www.google.com/)
[2026-04-30 00:53:10] INFO: Fetched (200) <GET https://sellerocean.com/bbs_detail.php?bbs_num=6136&tb=board_generation_story> (referer: https://www.google.com/)
[2026-04-30 00:53:10] INFO: Fetched (200) <GET https://sellerocean.com/bbs_detail.php?bbs_num=6135&tb=board_generation_story> (referer: https://www.google.com/)
[2026-04-30 00:53:12] INFO: Fetched (200) <GET https://sellerocean.com/bbs_detail.php?bbs_num=6132&tb=board_generation_story> (referer: https://www.google.com/)
  [250/598] ok=250 fail=0
[2026-04-30 00:53:12] INFO: Fetched (200) <GET https://sellerocean.com/bbs_detail.php?bbs_num=6134&tb=board_generation_story> (referer: https://www.google.com/)
[2026-04-30 00:53:12] INFO: Fetched (200) <GET https://sellerocean.com/bbs_detail.php?bbs_num=6133&tb=board_generation_story> (referer: https://www.google.com/)
[2026-04-30 00:53:12] INFO: Fetched (200) <GET https://sellerocean.com/bbs_detail.php?bbs_num=6130&tb=board_generation_story> (referer: https://www.google.com/)
[2026-04-30 00:53:13] INFO: Fetched (200) <GET https://sellerocean.com/bbs_detail.php?bbs_num=6131&tb=board_generation_story> (referer: https://www.google.com/)
[2026-04-30 00:53:13] INFO: Fetched (200) <GET https://sellerocean.com/bbs_detail.php?bbs_num=6129&tb=board_generation_story> (referer: https://www.google.com/)
[2026-04-30 00:53:14] INFO: Fetched (200) <GET https://sellerocean.com/bbs_detail.php?bbs_num=6126&tb=board_generation_story> (referer: https://www.google.com/)
[2026-04-30 00:53:14] INFO: Fetched (200) <GET https://sellerocean.com/bbs_detail.php?bbs_num=6125&tb=board_generation_story> (referer: https://www.google.com/)
[2026-04-30 00:53:14] INFO: Fetched (200) <GET https://sellerocean.com/bbs_detail.php?bbs_num=6123&tb=board_generation_story> (referer: https://www.google.com/)
[2026-04-30 00:53:14] INFO: Fetched (200) <GET https://sellerocean.com/bbs_detail.php?bbs_num=6124&tb=board_generation_story> (referer: https://www.google.com/)
[2026-04-30 00:53:15] INFO: Fetched (200) <GET https://sellerocean.com/bbs_detail.php?bbs_num=6122&tb=board_generation_story> (referer: https://www.google.com/)
[2026-04-30 00:53:16] INFO: Fetched (200) <GET https://sellerocean.com/bbs_detail.php?bbs_num=6108&tb=board_generation_story> (referer: https://www.google.com/)
[2026-04-30 00:53:16] INFO: Fetched (200) <GET https://sellerocean.com/bbs_detail.php?bbs_num=6121&tb=board_generation_story> (referer: https://www.google.com/)
[2026-04-30 00:53:17] INFO: Fetched (200) <GET https://sellerocean.com/bbs_detail.php?bbs_num=6109&tb=board_generation_story> (referer: https://www.google.com/)
[2026-04-30 00:53:17] INFO: Fetched (200) <GET https://sellerocean.com/bbs_detail.php?bbs_num=6107&tb=board_generation_story> (referer: https://www.google.com/)
[2026-04-30 00:53:19] INFO: Fetched (200) <GET https://sellerocean.com/bbs_detail.php?bbs_num=6106&tb=board_generation_story> (referer: https://www.google.com/)
[2026-04-30 00:53:19] INFO: Fetched (200) <GET https://sellerocean.com/bbs_detail.php?bbs_num=6105&tb=board_generation_story> (referer: https://www.google.com/)
[2026-04-30 00:53:19] INFO: Fetched (200) <GET https://sellerocean.com/bbs_detail.php?bbs_num=6104&tb=board_generation_story> (referer: https://www.google.com/)
[2026-04-30 00:53:19] INFO: Fetched (200) <GET https://sellerocean.com/bbs_detail.php?bbs_num=6103&tb=board_generation_story> (referer: https://www.google.com/)
[2026-04-30 00:53:19] INFO: Fetched (200) <GET https://sellerocean.com/bbs_detail.php?bbs_num=6102&tb=board_generation_story> (referer: https://www.google.com/)
[2026-04-30 00:53:22] INFO: Fetched (200) <GET https://sellerocean.com/bbs_detail.php?bbs_num=6101&tb=board_generation_story> (referer: https://www.google.com/)
[2026-04-30 00:53:23] INFO: Fetched (200) <GET https://sellerocean.com/bbs_detail.php?bbs_num=6097&tb=board_generation_story> (referer: https://www.google.com/)
[2026-04-30 00:53:23] INFO: Fetched (200) <GET https://sellerocean.com/bbs_detail.php?bbs_num=6099&tb=board_generation_story> (referer: https://www.google.com/)
[2026-04-30 00:53:23] INFO: Fetched (200) <GET https://sellerocean.com/bbs_detail.php?bbs_num=6100&tb=board_generation_story> (referer: https://www.google.com/)
[2026-04-30 00:53:24] INFO: Fetched (200) <GET https://sellerocean.com/bbs_detail.php?bbs_num=6098&tb=board_generation_story> (referer: https://www.google.com/)
[2026-04-30 00:53:25] INFO: Fetched (200) <GET https://sellerocean.com/bbs_detail.php?bbs_num=6096&tb=board_generation_story> (referer: https://www.google.com/)
  [275/598] ok=275 fail=0
[2026-04-30 00:53:25] INFO: Fetched (200) <GET https://sellerocean.com/bbs_detail.php?bbs_num=6093&tb=board_generation_story> (referer: https://www.google.com/)
[2026-04-30 00:53:27] INFO: Fetched (200) <GET https://sellerocean.com/bbs_detail.php?bbs_num=6095&tb=board_generation_story> (referer: https://www.google.com/)
[2026-04-30 00:53:27] INFO: Fetched (200) <GET https://sellerocean.com/bbs_detail.php?bbs_num=6094&tb=board_generation_story> (referer: https://www.google.com/)
[2026-04-30 00:53:27] INFO: Fetched (200) <GET https://sellerocean.com/bbs_detail.php?bbs_num=6092&tb=board_generation_story> (referer: https://www.google.com/)
[2026-04-30 00:53:27] INFO: Fetched (200) <GET https://sellerocean.com/bbs_detail.php?bbs_num=6091&tb=board_generation_story> (referer: https://www.google.com/)
[2026-04-30 00:53:28] INFO: Fetched (200) <GET https://sellerocean.com/bbs_detail.php?bbs_num=6090&tb=board_generation_story> (referer: https://www.google.com/)
[2026-04-30 00:53:28] INFO: Fetched (200) <GET https://sellerocean.com/bbs_detail.php?bbs_num=6079&tb=board_generation_story> (referer: https://www.google.com/)
[2026-04-30 00:53:29] INFO: Fetched (200) <GET https://sellerocean.com/bbs_detail.php?bbs_num=6078&tb=board_generation_story> (referer: https://www.google.com/)
[2026-04-30 00:53:29] INFO: Fetched (200) <GET https://sellerocean.com/bbs_detail.php?bbs_num=6077&tb=board_generation_story> (referer: https://www.google.com/)
[2026-04-30 00:53:30] INFO: Fetched (200) <GET https://sellerocean.com/bbs_detail.php?bbs_num=6076&tb=board_generation_story> (referer: https://www.google.com/)
[2026-04-30 00:53:30] INFO: Fetched (200) <GET https://sellerocean.com/bbs_detail.php?bbs_num=6075&tb=board_generation_story> (referer: https://www.google.com/)
[2026-04-30 00:53:30] INFO: Fetched (200) <GET https://sellerocean.com/bbs_detail.php?bbs_num=6074&tb=board_generation_story> (referer: https://www.google.com/)
[2026-04-30 00:53:31] INFO: Fetched (200) <GET https://sellerocean.com/bbs_detail.php?bbs_num=6072&tb=board_generation_story> (referer: https://www.google.com/)
[2026-04-30 00:53:32] INFO: Fetched (200) <GET https://sellerocean.com/bbs_detail.php?bbs_num=6071&tb=board_generation_story> (referer: https://www.google.com/)
[2026-04-30 00:53:32] INFO: Fetched (200) <GET https://sellerocean.com/bbs_detail.php?bbs_num=6069&tb=board_generation_story> (referer: https://www.google.com/)
[2026-04-30 00:53:32] INFO: Fetched (200) <GET https://sellerocean.com/bbs_detail.php?bbs_num=6070&tb=board_generation_story> (referer: https://www.google.com/)
[2026-04-30 00:53:32] INFO: Fetched (200) <GET https://sellerocean.com/bbs_detail.php?bbs_num=6068&tb=board_generation_story> (referer: https://www.google.com/)
[2026-04-30 00:53:33] INFO: Fetched (200) <GET https://sellerocean.com/bbs_detail.php?bbs_num=6067&tb=board_generation_story> (referer: https://www.google.com/)
[2026-04-30 00:53:33] INFO: Fetched (200) <GET https://sellerocean.com/bbs_detail.php?bbs_num=6066&tb=board_generation_story> (referer: https://www.google.com/)
[2026-04-30 00:53:34] INFO: Fetched (200) <GET https://sellerocean.com/bbs_detail.php?bbs_num=6065&tb=board_generation_story> (referer: https://www.google.com/)
[2026-04-30 00:53:34] INFO: Fetched (200) <GET https://sellerocean.com/bbs_detail.php?bbs_num=6064&tb=board_generation_story> (referer: https://www.google.com/)
[2026-04-30 00:53:35] INFO: Fetched (200) <GET https://sellerocean.com/bbs_detail.php?bbs_num=6062&tb=board_generation_story> (referer: https://www.google.com/)
[2026-04-30 00:53:36] INFO: Fetched (200) <GET https://sellerocean.com/bbs_detail.php?bbs_num=6063&tb=board_generation_story> (referer: https://www.google.com/)
[2026-04-30 00:53:37] INFO: Fetched (200) <GET https://sellerocean.com/bbs_detail.php?bbs_num=6059&tb=board_generation_story> (referer: https://www.google.com/)
[2026-04-30 00:53:37] INFO: Fetched (200) <GET https://sellerocean.com/bbs_detail.php?bbs_num=3&tb=board_qna> (referer: https://www.google.com/)
  [300/598] ok=300 fail=0
[2026-04-30 00:53:37] INFO: Fetched (200) <GET https://sellerocean.com/bbs_detail.php?bbs_num=6060&tb=board_generation_story> (referer: https://www.google.com/)
[2026-04-30 00:53:37] INFO: Fetched (200) <GET https://sellerocean.com/bbs_detail.php?bbs_num=6061&tb=board_generation_story> (referer: https://www.google.com/)
[2026-04-30 00:53:37] INFO: Fetched (200) <GET https://sellerocean.com/bbs_detail.php?bbs_num=628&tb=board_qna> (referer: https://www.google.com/)
[2026-04-30 00:53:38] INFO: Fetched (200) <GET https://sellerocean.com/bbs_detail.php?bbs_num=627&tb=board_qna> (referer: https://www.google.com/)
[2026-04-30 00:53:38] INFO: Fetched (200) <GET https://sellerocean.com/bbs_detail.php?bbs_num=624&tb=board_qna> (referer: https://www.google.com/)
[2026-04-30 00:53:38] INFO: Fetched (200) <GET https://sellerocean.com/bbs_detail.php?bbs_num=626&tb=board_qna> (referer: https://www.google.com/)
[2026-04-30 00:53:38] INFO: Fetched (200) <GET https://sellerocean.com/bbs_detail.php?bbs_num=623&tb=board_qna> (referer: https://www.google.com/)
[2026-04-30 00:53:38] INFO: Fetched (200) <GET https://sellerocean.com/bbs_detail.php?bbs_num=625&tb=board_qna> (referer: https://www.google.com/)
[2026-04-30 00:53:40] INFO: Fetched (200) <GET https://sellerocean.com/bbs_detail.php?bbs_num=622&tb=board_qna> (referer: https://www.google.com/)
[2026-04-30 00:53:40] INFO: Fetched (200) <GET https://sellerocean.com/bbs_detail.php?bbs_num=621&tb=board_qna> (referer: https://www.google.com/)
[2026-04-30 00:53:40] INFO: Fetched (200) <GET https://sellerocean.com/bbs_detail.php?bbs_num=618&tb=board_qna> (referer: https://www.google.com/)
[2026-04-30 00:53:41] INFO: Fetched (200) <GET https://sellerocean.com/bbs_detail.php?bbs_num=619&tb=board_qna> (referer: https://www.google.com/)
[2026-04-30 00:53:41] INFO: Fetched (200) <GET https://sellerocean.com/bbs_detail.php?bbs_num=620&tb=board_qna> (referer: https://www.google.com/)
[2026-04-30 00:53:42] INFO: Fetched (200) <GET https://sellerocean.com/bbs_detail.php?bbs_num=616&tb=board_qna> (referer: https://www.google.com/)
[2026-04-30 00:53:42] INFO: Fetched (200) <GET https://sellerocean.com/bbs_detail.php?bbs_num=617&tb=board_qna> (referer: https://www.google.com/)
[2026-04-30 00:53:43] INFO: Fetched (200) <GET https://sellerocean.com/bbs_detail.php?bbs_num=615&tb=board_qna> (referer: https://www.google.com/)
[2026-04-30 00:53:43] INFO: Fetched (200) <GET https://sellerocean.com/bbs_detail.php?bbs_num=614&tb=board_qna> (referer: https://www.google.com/)
[2026-04-30 00:53:43] INFO: Fetched (200) <GET https://sellerocean.com/bbs_detail.php?bbs_num=613&tb=board_qna> (referer: https://www.google.com/)
[2026-04-30 00:53:46] INFO: Fetched (200) <GET https://sellerocean.com/bbs_detail.php?bbs_num=609&tb=board_qna> (referer: https://www.google.com/)
[2026-04-30 00:53:46] INFO: Fetched (200) <GET https://sellerocean.com/bbs_detail.php?bbs_num=610&tb=board_qna> (referer: https://www.google.com/)
[2026-04-30 00:53:46] INFO: Fetched (200) <GET https://sellerocean.com/bbs_detail.php?bbs_num=612&tb=board_qna> (referer: https://www.google.com/)
[2026-04-30 00:53:46] INFO: Fetched (200) <GET https://sellerocean.com/bbs_detail.php?bbs_num=598&tb=board_qna> (referer: https://www.google.com/)
[2026-04-30 00:53:47] INFO: Fetched (200) <GET https://sellerocean.com/bbs_detail.php?bbs_num=611&tb=board_qna> (referer: https://www.google.com/)
[2026-04-30 00:53:48] INFO: Fetched (200) <GET https://sellerocean.com/bbs_detail.php?bbs_num=595&tb=board_qna> (referer: https://www.google.com/)
[2026-04-30 00:53:51] INFO: Fetched (200) <GET https://sellerocean.com/bbs_detail.php?bbs_num=594&tb=board_qna> (referer: https://www.google.com/)
  [325/598] ok=325 fail=0
[2026-04-30 00:53:51] INFO: Fetched (200) <GET https://sellerocean.com/bbs_detail.php?bbs_num=590&tb=board_qna> (referer: https://www.google.com/)
[2026-04-30 00:53:51] INFO: Fetched (200) <GET https://sellerocean.com/bbs_detail.php?bbs_num=591&tb=board_qna> (referer: https://www.google.com/)
[2026-04-30 00:53:52] INFO: Fetched (200) <GET https://sellerocean.com/bbs_detail.php?bbs_num=592&tb=board_qna> (referer: https://www.google.com/)
[2026-04-30 00:53:52] INFO: Fetched (200) <GET https://sellerocean.com/bbs_detail.php?bbs_num=593&tb=board_qna> (referer: https://www.google.com/)
[2026-04-30 00:53:53] INFO: Fetched (200) <GET https://sellerocean.com/bbs_detail.php?bbs_num=589&tb=board_qna> (referer: https://www.google.com/)
[2026-04-30 00:53:53] INFO: Fetched (200) <GET https://sellerocean.com/bbs_detail.php?bbs_num=588&tb=board_qna> (referer: https://www.google.com/)
[2026-04-30 00:53:53] INFO: Fetched (200) <GET https://sellerocean.com/bbs_detail.php?bbs_num=587&tb=board_qna> (referer: https://www.google.com/)
[2026-04-30 00:53:53] INFO: Fetched (200) <GET https://sellerocean.com/bbs_detail.php?bbs_num=584&tb=board_qna> (referer: https://www.google.com/)
[2026-04-30 00:53:53] INFO: Fetched (200) <GET https://sellerocean.com/bbs_detail.php?bbs_num=585&tb=board_qna> (referer: https://www.google.com/)
[2026-04-30 00:53:55] INFO: Fetched (200) <GET https://sellerocean.com/bbs_detail.php?bbs_num=579&tb=board_qna> (referer: https://www.google.com/)
[2026-04-30 00:53:55] INFO: Fetched (200) <GET https://sellerocean.com/bbs_detail.php?bbs_num=582&tb=board_qna> (referer: https://www.google.com/)
[2026-04-30 00:53:55] INFO: Fetched (200) <GET https://sellerocean.com/bbs_detail.php?bbs_num=580&tb=board_qna> (referer: https://www.google.com/)
[2026-04-30 00:53:55] INFO: Fetched (200) <GET https://sellerocean.com/bbs_detail.php?bbs_num=583&tb=board_qna> (referer: https://www.google.com/)
[2026-04-30 00:53:55] INFO: Fetched (200) <GET https://sellerocean.com/bbs_detail.php?bbs_num=581&tb=board_qna> (referer: https://www.google.com/)
[2026-04-30 00:53:57] INFO: Fetched (200) <GET https://sellerocean.com/bbs_detail.php?bbs_num=576&tb=board_qna> (referer: https://www.google.com/)
[2026-04-30 00:53:57] INFO: Fetched (200) <GET https://sellerocean.com/bbs_detail.php?bbs_num=577&tb=board_qna> (referer: https://www.google.com/)
[2026-04-30 00:53:57] INFO: Fetched (200) <GET https://sellerocean.com/bbs_detail.php?bbs_num=565&tb=board_qna> (referer: https://www.google.com/)
[2026-04-30 00:53:58] INFO: Fetched (200) <GET https://sellerocean.com/bbs_detail.php?bbs_num=578&tb=board_qna> (referer: https://www.google.com/)
[2026-04-30 00:53:58] INFO: Fetched (200) <GET https://sellerocean.com/bbs_detail.php?bbs_num=564&tb=board_qna> (referer: https://www.google.com/)
[2026-04-30 00:53:58] INFO: Fetched (200) <GET https://sellerocean.com/bbs_detail.php?bbs_num=563&tb=board_qna> (referer: https://www.google.com/)
[2026-04-30 00:53:59] INFO: Fetched (200) <GET https://sellerocean.com/bbs_detail.php?bbs_num=562&tb=board_qna> (referer: https://www.google.com/)
[2026-04-30 00:53:59] INFO: Fetched (200) <GET https://sellerocean.com/bbs_detail.php?bbs_num=561&tb=board_qna> (referer: https://www.google.com/)
[2026-04-30 00:53:59] INFO: Fetched (200) <GET https://sellerocean.com/bbs_detail.php?bbs_num=560&tb=board_qna> (referer: https://www.google.com/)
[2026-04-30 00:54:00] INFO: Fetched (200) <GET https://sellerocean.com/bbs_detail.php?bbs_num=559&tb=board_qna> (referer: https://www.google.com/)
[2026-04-30 00:54:00] INFO: Fetched (200) <GET https://sellerocean.com/bbs_detail.php?bbs_num=558&tb=board_qna> (referer: https://www.google.com/)
  [350/598] ok=350 fail=0
[2026-04-30 00:54:00] INFO: Fetched (200) <GET https://sellerocean.com/bbs_detail.php?bbs_num=557&tb=board_qna> (referer: https://www.google.com/)
[2026-04-30 00:54:00] INFO: Fetched (200) <GET https://sellerocean.com/bbs_detail.php?bbs_num=556&tb=board_qna> (referer: https://www.google.com/)
[2026-04-30 00:54:01] INFO: Fetched (200) <GET https://sellerocean.com/bbs_detail.php?bbs_num=555&tb=board_qna> (referer: https://www.google.com/)
[2026-04-30 00:54:01] INFO: Fetched (200) <GET https://sellerocean.com/bbs_detail.php?bbs_num=554&tb=board_qna> (referer: https://www.google.com/)
[2026-04-30 00:54:02] INFO: Fetched (200) <GET https://sellerocean.com/bbs_detail.php?bbs_num=551&tb=board_qna> (referer: https://www.google.com/)
[2026-04-30 00:54:02] INFO: Fetched (200) <GET https://sellerocean.com/bbs_detail.php?bbs_num=552&tb=board_qna> (referer: https://www.google.com/)
[2026-04-30 00:54:02] INFO: Fetched (200) <GET https://sellerocean.com/bbs_detail.php?bbs_num=553&tb=board_qna> (referer: https://www.google.com/)
[2026-04-30 00:54:03] INFO: Fetched (200) <GET https://sellerocean.com/bbs_detail.php?bbs_num=550&tb=board_qna> (referer: https://www.google.com/)
[2026-04-30 00:54:03] INFO: Fetched (200) <GET https://sellerocean.com/bbs_detail.php?bbs_num=549&tb=board_qna> (referer: https://www.google.com/)
[2026-04-30 00:54:03] INFO: Fetched (200) <GET https://sellerocean.com/bbs_detail.php?bbs_num=548&tb=board_qna> (referer: https://www.google.com/)
[2026-04-30 00:54:04] INFO: Fetched (200) <GET https://sellerocean.com/bbs_detail.php?bbs_num=546&tb=board_qna> (referer: https://www.google.com/)
[2026-04-30 00:54:04] INFO: Fetched (200) <GET https://sellerocean.com/bbs_detail.php?bbs_num=547&tb=board_qna> (referer: https://www.google.com/)
[2026-04-30 00:54:05] INFO: Fetched (200) <GET https://sellerocean.com/bbs_detail.php?bbs_num=535&tb=board_qna> (referer: https://www.google.com/)
[2026-04-30 00:54:05] INFO: Fetched (200) <GET https://sellerocean.com/bbs_detail.php?bbs_num=534&tb=board_qna> (referer: https://www.google.com/)
[2026-04-30 00:54:06] INFO: Fetched (200) <GET https://sellerocean.com/bbs_detail.php?bbs_num=533&tb=board_qna> (referer: https://www.google.com/)
[2026-04-30 00:54:06] INFO: Fetched (200) <GET https://sellerocean.com/bbs_detail.php?bbs_num=532&tb=board_qna> (referer: https://www.google.com/)
[2026-04-30 00:54:07] INFO: Fetched (200) <GET https://sellerocean.com/bbs_detail.php?bbs_num=531&tb=board_qna> (referer: https://www.google.com/)
[2026-04-30 00:54:08] INFO: Fetched (200) <GET https://sellerocean.com/bbs_detail.php?bbs_num=529&tb=board_qna> (referer: https://www.google.com/)
[2026-04-30 00:54:08] INFO: Fetched (200) <GET https://sellerocean.com/bbs_detail.php?bbs_num=530&tb=board_qna> (referer: https://www.google.com/)
[2026-04-30 00:54:09] INFO: Fetched (200) <GET https://sellerocean.com/bbs_detail.php?bbs_num=527&tb=board_qna> (referer: https://www.google.com/)
[2026-04-30 00:54:09] INFO: Fetched (200) <GET https://sellerocean.com/bbs_detail.php?bbs_num=528&tb=board_qna> (referer: https://www.google.com/)
[2026-04-30 00:54:09] INFO: Fetched (200) <GET https://sellerocean.com/bbs_detail.php?bbs_num=526&tb=board_qna> (referer: https://www.google.com/)
[2026-04-30 00:54:10] INFO: Fetched (200) <GET https://sellerocean.com/bbs_detail.php?bbs_num=525&tb=board_qna> (referer: https://www.google.com/)
[2026-04-30 00:54:10] INFO: Fetched (200) <GET https://sellerocean.com/bbs_detail.php?bbs_num=524&tb=board_qna> (referer: https://www.google.com/)
[2026-04-30 00:54:11] INFO: Fetched (200) <GET https://sellerocean.com/bbs_detail.php?bbs_num=522&tb=board_qna> (referer: https://www.google.com/)
  [375/598] ok=375 fail=0
[2026-04-30 00:54:11] INFO: Fetched (200) <GET https://sellerocean.com/bbs_detail.php?bbs_num=523&tb=board_qna> (referer: https://www.google.com/)
[2026-04-30 00:54:11] INFO: Fetched (200) <GET https://sellerocean.com/bbs_detail.php?bbs_num=521&tb=board_qna> (referer: https://www.google.com/)
[2026-04-30 00:54:12] INFO: Fetched (200) <GET https://sellerocean.com/bbs_detail.php?bbs_num=519&tb=board_qna> (referer: https://www.google.com/)
[2026-04-30 00:54:12] INFO: Fetched (200) <GET https://sellerocean.com/bbs_detail.php?bbs_num=520&tb=board_qna> (referer: https://www.google.com/)
[2026-04-30 00:54:14] INFO: Fetched (200) <GET https://sellerocean.com/bbs_detail.php?bbs_num=518&tb=board_qna> (referer: https://www.google.com/)
[2026-04-30 00:54:14] INFO: Fetched (200) <GET https://sellerocean.com/bbs_detail.php?bbs_num=516&tb=board_qna> (referer: https://www.google.com/)
[2026-04-30 00:54:14] INFO: Fetched (200) <GET https://sellerocean.com/bbs_detail.php?bbs_num=517&tb=board_qna> (referer: https://www.google.com/)
[2026-04-30 00:54:15] INFO: Fetched (200) <GET https://sellerocean.com/bbs_detail.php?bbs_num=504&tb=board_qna> (referer: https://www.google.com/)
[2026-04-30 00:54:15] INFO: Fetched (200) <GET https://sellerocean.com/bbs_detail.php?bbs_num=505&tb=board_qna> (referer: https://www.google.com/)
[2026-04-30 00:54:15] INFO: Fetched (200) <GET https://sellerocean.com/bbs_detail.php?bbs_num=503&tb=board_qna> (referer: https://www.google.com/)
[2026-04-30 00:54:15] INFO: Fetched (200) <GET https://sellerocean.com/bbs_detail.php?bbs_num=502&tb=board_qna> (referer: https://www.google.com/)
[2026-04-30 00:54:16] INFO: Fetched (200) <GET https://sellerocean.com/bbs_detail.php?bbs_num=501&tb=board_qna> (referer: https://www.google.com/)
[2026-04-30 00:54:16] INFO: Fetched (200) <GET https://sellerocean.com/bbs_detail.php?bbs_num=499&tb=board_qna> (referer: https://www.google.com/)
[2026-04-30 00:54:16] INFO: Fetched (200) <GET https://sellerocean.com/bbs_detail.php?bbs_num=500&tb=board_qna> (referer: https://www.google.com/)
[2026-04-30 00:54:17] INFO: Fetched (200) <GET https://sellerocean.com/bbs_detail.php?bbs_num=498&tb=board_qna> (referer: https://www.google.com/)
[2026-04-30 00:54:17] INFO: Fetched (200) <GET https://sellerocean.com/bbs_detail.php?bbs_num=497&tb=board_qna> (referer: https://www.google.com/)
[2026-04-30 00:54:17] INFO: Fetched (200) <GET https://sellerocean.com/bbs_detail.php?bbs_num=496&tb=board_qna> (referer: https://www.google.com/)
[2026-04-30 00:54:17] INFO: Fetched (200) <GET https://sellerocean.com/bbs_detail.php?bbs_num=495&tb=board_qna> (referer: https://www.google.com/)
[2026-04-30 00:54:18] INFO: Fetched (200) <GET https://sellerocean.com/bbs_detail.php?bbs_num=493&tb=board_qna> (referer: https://www.google.com/)
[2026-04-30 00:54:18] INFO: Fetched (200) <GET https://sellerocean.com/bbs_detail.php?bbs_num=491&tb=board_qna> (referer: https://www.google.com/)
[2026-04-30 00:54:18] INFO: Fetched (200) <GET https://sellerocean.com/bbs_detail.php?bbs_num=490&tb=board_qna> (referer: https://www.google.com/)
[2026-04-30 00:54:19] INFO: Fetched (200) <GET https://sellerocean.com/bbs_detail.php?bbs_num=487&tb=board_qna> (referer: https://www.google.com/)
[2026-04-30 00:54:19] INFO: Fetched (200) <GET https://sellerocean.com/bbs_detail.php?bbs_num=488&tb=board_qna> (referer: https://www.google.com/)
[2026-04-30 00:54:19] INFO: Fetched (200) <GET https://sellerocean.com/bbs_detail.php?bbs_num=486&tb=board_qna> (referer: https://www.google.com/)
[2026-04-30 00:54:20] INFO: Fetched (200) <GET https://sellerocean.com/bbs_detail.php?bbs_num=489&tb=board_qna> (referer: https://www.google.com/)
  [400/598] ok=400 fail=0
[2026-04-30 00:54:20] INFO: Fetched (200) <GET https://sellerocean.com/bbs_detail.php?bbs_num=485&tb=board_qna> (referer: https://www.google.com/)
[2026-04-30 00:54:21] INFO: Fetched (200) <GET https://sellerocean.com/bbs_detail.php?bbs_num=484&tb=board_qna> (referer: https://www.google.com/)
[2026-04-30 00:54:21] INFO: Fetched (200) <GET https://sellerocean.com/bbs_detail.php?bbs_num=472&tb=board_qna> (referer: https://www.google.com/)
[2026-04-30 00:54:21] INFO: Fetched (200) <GET https://sellerocean.com/bbs_detail.php?bbs_num=473&tb=board_qna> (referer: https://www.google.com/)
[2026-04-30 00:54:22] INFO: Fetched (200) <GET https://sellerocean.com/bbs_detail.php?bbs_num=471&tb=board_qna> (referer: https://www.google.com/)
[2026-04-30 00:54:22] INFO: Fetched (200) <GET https://sellerocean.com/bbs_detail.php?bbs_num=470&tb=board_qna> (referer: https://www.google.com/)
[2026-04-30 00:54:23] INFO: Fetched (200) <GET https://sellerocean.com/bbs_detail.php?bbs_num=469&tb=board_qna> (referer: https://www.google.com/)
[2026-04-30 00:54:23] INFO: Fetched (200) <GET https://sellerocean.com/bbs_detail.php?bbs_num=468&tb=board_qna> (referer: https://www.google.com/)
[2026-04-30 00:54:23] INFO: Fetched (200) <GET https://sellerocean.com/bbs_detail.php?bbs_num=467&tb=board_qna> (referer: https://www.google.com/)
[2026-04-30 00:54:23] INFO: Fetched (200) <GET https://sellerocean.com/bbs_detail.php?bbs_num=466&tb=board_qna> (referer: https://www.google.com/)
[2026-04-30 00:54:24] INFO: Fetched (200) <GET https://sellerocean.com/bbs_detail.php?bbs_num=465&tb=board_qna> (referer: https://www.google.com/)
[2026-04-30 00:54:24] INFO: Fetched (200) <GET https://sellerocean.com/bbs_detail.php?bbs_num=463&tb=board_qna> (referer: https://www.google.com/)
[2026-04-30 00:54:25] INFO: Fetched (200) <GET https://sellerocean.com/bbs_detail.php?bbs_num=461&tb=board_qna> (referer: https://www.google.com/)
[2026-04-30 00:54:25] INFO: Fetched (200) <GET https://sellerocean.com/bbs_detail.php?bbs_num=462&tb=board_qna> (referer: https://www.google.com/)
[2026-04-30 00:54:25] INFO: Fetched (200) <GET https://sellerocean.com/bbs_detail.php?bbs_num=464&tb=board_qna> (referer: https://www.google.com/)
[2026-04-30 00:54:25] INFO: Fetched (200) <GET https://sellerocean.com/bbs_detail.php?bbs_num=460&tb=board_qna> (referer: https://www.google.com/)
[2026-04-30 00:54:26] INFO: Fetched (200) <GET https://sellerocean.com/bbs_detail.php?bbs_num=459&tb=board_qna> (referer: https://www.google.com/)
[2026-04-30 00:54:26] INFO: Fetched (200) <GET https://sellerocean.com/bbs_detail.php?bbs_num=456&tb=board_qna> (referer: https://www.google.com/)
[2026-04-30 00:54:26] INFO: Fetched (200) <GET https://sellerocean.com/bbs_detail.php?bbs_num=458&tb=board_qna> (referer: https://www.google.com/)
[2026-04-30 00:54:27] INFO: Fetched (200) <GET https://sellerocean.com/bbs_detail.php?bbs_num=457&tb=board_qna> (referer: https://www.google.com/)
[2026-04-30 00:54:27] INFO: Fetched (200) <GET https://sellerocean.com/bbs_detail.php?bbs_num=455&tb=board_qna> (referer: https://www.google.com/)
[2026-04-30 00:54:27] INFO: Fetched (200) <GET https://sellerocean.com/bbs_detail.php?bbs_num=454&tb=board_qna> (referer: https://www.google.com/)
[2026-04-30 00:54:28] INFO: Fetched (200) <GET https://sellerocean.com/bbs_detail.php?bbs_num=443&tb=board_qna> (referer: https://www.google.com/)
[2026-04-30 00:54:28] INFO: Fetched (200) <GET https://sellerocean.com/bbs_detail.php?bbs_num=442&tb=board_qna> (referer: https://www.google.com/)
[2026-04-30 00:54:28] INFO: Fetched (200) <GET https://sellerocean.com/bbs_detail.php?bbs_num=441&tb=board_qna> (referer: https://www.google.com/)
  [425/598] ok=425 fail=0
[2026-04-30 00:54:29] INFO: Fetched (200) <GET https://sellerocean.com/bbs_detail.php?bbs_num=440&tb=board_qna> (referer: https://www.google.com/)
[2026-04-30 00:54:29] INFO: Fetched (200) <GET https://sellerocean.com/bbs_detail.php?bbs_num=439&tb=board_qna> (referer: https://www.google.com/)
[2026-04-30 00:54:29] INFO: Fetched (200) <GET https://sellerocean.com/bbs_detail.php?bbs_num=438&tb=board_qna> (referer: https://www.google.com/)
[2026-04-30 00:54:30] INFO: Fetched (200) <GET https://sellerocean.com/bbs_detail.php?bbs_num=437&tb=board_qna> (referer: https://www.google.com/)
[2026-04-30 00:54:30] INFO: Fetched (200) <GET https://sellerocean.com/bbs_detail.php?bbs_num=436&tb=board_qna> (referer: https://www.google.com/)
[2026-04-30 00:54:30] INFO: Fetched (200) <GET https://sellerocean.com/bbs_detail.php?bbs_num=435&tb=board_qna> (referer: https://www.google.com/)
[2026-04-30 00:54:30] INFO: Fetched (200) <GET https://sellerocean.com/bbs_detail.php?bbs_num=434&tb=board_qna> (referer: https://www.google.com/)
[2026-04-30 00:54:31] INFO: Fetched (200) <GET https://sellerocean.com/bbs_detail.php?bbs_num=433&tb=board_qna> (referer: https://www.google.com/)
[2026-04-30 00:54:31] INFO: Fetched (200) <GET https://sellerocean.com/bbs_detail.php?bbs_num=432&tb=board_qna> (referer: https://www.google.com/)
[2026-04-30 00:54:32] INFO: Fetched (200) <GET https://sellerocean.com/bbs_detail.php?bbs_num=431&tb=board_qna> (referer: https://www.google.com/)
[2026-04-30 00:54:32] INFO: Fetched (200) <GET https://sellerocean.com/bbs_detail.php?bbs_num=429&tb=board_qna> (referer: https://www.google.com/)
[2026-04-30 00:54:32] INFO: Fetched (200) <GET https://sellerocean.com/bbs_detail.php?bbs_num=430&tb=board_qna> (referer: https://www.google.com/)
[2026-04-30 00:54:32] INFO: Fetched (200) <GET https://sellerocean.com/bbs_detail.php?bbs_num=428&tb=board_qna> (referer: https://www.google.com/)
[2026-04-30 00:54:33] INFO: Fetched (200) <GET https://sellerocean.com/bbs_detail.php?bbs_num=427&tb=board_qna> (referer: https://www.google.com/)
[2026-04-30 00:54:33] INFO: Fetched (200) <GET https://sellerocean.com/bbs_detail.php?bbs_num=426&tb=board_qna> (referer: https://www.google.com/)
[2026-04-30 00:54:33] INFO: Fetched (200) <GET https://sellerocean.com/bbs_detail.php?bbs_num=424&tb=board_qna> (referer: https://www.google.com/)
[2026-04-30 00:54:33] INFO: Fetched (200) <GET https://sellerocean.com/bbs_detail.php?bbs_num=425&tb=board_qna> (referer: https://www.google.com/)
[2026-04-30 00:54:34] INFO: Fetched (200) <GET https://sellerocean.com/bbs_detail.php?bbs_num=409&tb=board_qna> (referer: https://www.google.com/)
[2026-04-30 00:54:34] INFO: Fetched (200) <GET https://sellerocean.com/bbs_detail.php?bbs_num=413&tb=board_qna> (referer: https://www.google.com/)
[2026-04-30 00:54:34] INFO: Fetched (200) <GET https://sellerocean.com/bbs_detail.php?bbs_num=408&tb=board_qna> (referer: https://www.google.com/)
[2026-04-30 00:54:34] INFO: Fetched (200) <GET https://sellerocean.com/bbs_detail.php?bbs_num=407&tb=board_qna> (referer: https://www.google.com/)
[2026-04-30 00:54:35] INFO: Fetched (200) <GET https://sellerocean.com/bbs_detail.php?bbs_num=406&tb=board_qna> (referer: https://www.google.com/)
[2026-04-30 00:54:35] INFO: Fetched (200) <GET https://sellerocean.com/bbs_detail.php?bbs_num=405&tb=board_qna> (referer: https://www.google.com/)
[2026-04-30 00:54:35] INFO: Fetched (200) <GET https://sellerocean.com/bbs_detail.php?bbs_num=404&tb=board_qna> (referer: https://www.google.com/)
[2026-04-30 00:54:36] INFO: Fetched (200) <GET https://sellerocean.com/bbs_detail.php?bbs_num=403&tb=board_qna> (referer: https://www.google.com/)
  [450/598] ok=450 fail=0
[2026-04-30 00:54:37] INFO: Fetched (200) <GET https://sellerocean.com/bbs_detail.php?bbs_num=402&tb=board_qna> (referer: https://www.google.com/)
[2026-04-30 00:54:37] INFO: Fetched (200) <GET https://sellerocean.com/bbs_detail.php?bbs_num=401&tb=board_qna> (referer: https://www.google.com/)
[2026-04-30 00:54:37] INFO: Fetched (200) <GET https://sellerocean.com/bbs_detail.php?bbs_num=399&tb=board_qna> (referer: https://www.google.com/)
[2026-04-30 00:54:37] INFO: Fetched (200) <GET https://sellerocean.com/bbs_detail.php?bbs_num=400&tb=board_qna> (referer: https://www.google.com/)
[2026-04-30 00:54:38] INFO: Fetched (200) <GET https://sellerocean.com/bbs_detail.php?bbs_num=398&tb=board_qna> (referer: https://www.google.com/)
[2026-04-30 00:54:38] INFO: Fetched (200) <GET https://sellerocean.com/bbs_detail.php?bbs_num=395&tb=board_qna> (referer: https://www.google.com/)
[2026-04-30 00:54:39] INFO: Fetched (200) <GET https://sellerocean.com/bbs_detail.php?bbs_num=396&tb=board_qna> (referer: https://www.google.com/)
[2026-04-30 00:54:40] INFO: Fetched (200) <GET https://sellerocean.com/bbs_detail.php?bbs_num=393&tb=board_qna> (referer: https://www.google.com/)
[2026-04-30 00:54:40] INFO: Fetched (200) <GET https://sellerocean.com/bbs_detail.php?bbs_num=397&tb=board_qna> (referer: https://www.google.com/)
[2026-04-30 00:54:43] INFO: Fetched (200) <GET https://sellerocean.com/bbs_detail.php?bbs_num=391&tb=board_qna> (referer: https://www.google.com/)
[2026-04-30 00:54:43] INFO: Fetched (200) <GET https://sellerocean.com/bbs_detail.php?bbs_num=392&tb=board_qna> (referer: https://www.google.com/)
[2026-04-30 00:54:46] INFO: Fetched (200) <GET https://sellerocean.com/bbs_detail.php?bbs_num=3&tb=sales> (referer: https://www.google.com/)
[2026-04-30 00:54:48] INFO: Fetched (200) <GET https://sellerocean.com/bbs_detail.php?bbs_num=390&tb=board_qna> (referer: https://www.google.com/)
[2026-04-30 00:54:48] INFO: Fetched (200) <GET https://sellerocean.com/bbs_detail.php?bbs_num=380&tb=sales> (referer: https://www.google.com/)
[2026-04-30 00:54:49] INFO: Fetched (200) <GET https://sellerocean.com/bbs_detail.php?bbs_num=379&tb=sales> (referer: https://www.google.com/)
[2026-04-30 00:54:50] INFO: Fetched (200) <GET https://sellerocean.com/bbs_detail.php?bbs_num=378&tb=sales> (referer: https://www.google.com/)
[2026-04-30 00:54:52] INFO: Fetched (200) <GET https://sellerocean.com/bbs_detail.php?bbs_num=377&tb=sales> (referer: https://www.google.com/)
[2026-04-30 00:54:52] INFO: Fetched (200) <GET https://sellerocean.com/bbs_detail.php?bbs_num=375&tb=sales> (referer: https://www.google.com/)
[2026-04-30 00:54:53] INFO: Fetched (200) <GET https://sellerocean.com/bbs_detail.php?bbs_num=376&tb=sales> (referer: https://www.google.com/)
[2026-04-30 00:54:53] INFO: Fetched (200) <GET https://sellerocean.com/bbs_detail.php?bbs_num=373&tb=sales> (referer: https://www.google.com/)
[2026-04-30 00:54:53] INFO: Fetched (200) <GET https://sellerocean.com/bbs_detail.php?bbs_num=372&tb=sales> (referer: https://www.google.com/)
[2026-04-30 00:54:56] INFO: Fetched (200) <GET https://sellerocean.com/bbs_detail.php?bbs_num=371&tb=sales> (referer: https://www.google.com/)
[2026-04-30 00:54:57] INFO: Fetched (200) <GET https://sellerocean.com/bbs_detail.php?bbs_num=368&tb=sales> (referer: https://www.google.com/)
[2026-04-30 00:54:58] INFO: Fetched (200) <GET https://sellerocean.com/bbs_detail.php?bbs_num=370&tb=sales> (referer: https://www.google.com/)
[2026-04-30 00:54:59] INFO: Fetched (200) <GET https://sellerocean.com/bbs_detail.php?bbs_num=367&tb=sales> (referer: https://www.google.com/)
  [475/598] ok=475 fail=0
[2026-04-30 00:55:00] INFO: Fetched (200) <GET https://sellerocean.com/bbs_detail.php?bbs_num=366&tb=sales> (referer: https://www.google.com/)
[2026-04-30 00:55:03] INFO: Fetched (200) <GET https://sellerocean.com/bbs_detail.php?bbs_num=362&tb=sales> (referer: https://www.google.com/)
[2026-04-30 00:55:04] INFO: Fetched (200) <GET https://sellerocean.com/bbs_detail.php?bbs_num=364&tb=sales> (referer: https://www.google.com/)
[2026-04-30 00:55:04] INFO: Fetched (200) <GET https://sellerocean.com/bbs_detail.php?bbs_num=365&tb=sales> (referer: https://www.google.com/)
[2026-04-30 00:55:05] INFO: Fetched (200) <GET https://sellerocean.com/bbs_detail.php?bbs_num=363&tb=sales> (referer: https://www.google.com/)
[2026-04-30 00:55:05] INFO: Fetched (200) <GET https://sellerocean.com/bbs_detail.php?bbs_num=360&tb=sales> (referer: https://www.google.com/)
[2026-04-30 00:55:06] INFO: Fetched (200) <GET https://sellerocean.com/bbs_detail.php?bbs_num=361&tb=sales> (referer: https://www.google.com/)
[2026-04-30 00:55:07] INFO: Fetched (200) <GET https://sellerocean.com/bbs_detail.php?bbs_num=348&tb=sales> (referer: https://www.google.com/)
[2026-04-30 00:55:07] INFO: Fetched (200) <GET https://sellerocean.com/bbs_detail.php?bbs_num=359&tb=sales> (referer: https://www.google.com/)
[2026-04-30 00:55:07] INFO: Fetched (200) <GET https://sellerocean.com/bbs_detail.php?bbs_num=346&tb=sales> (referer: https://www.google.com/)
[2026-04-30 00:55:08] INFO: Fetched (200) <GET https://sellerocean.com/bbs_detail.php?bbs_num=347&tb=sales> (referer: https://www.google.com/)
[2026-04-30 00:55:08] INFO: Fetched (200) <GET https://sellerocean.com/bbs_detail.php?bbs_num=345&tb=sales> (referer: https://www.google.com/)
[2026-04-30 00:55:08] INFO: Fetched (200) <GET https://sellerocean.com/bbs_detail.php?bbs_num=344&tb=sales> (referer: https://www.google.com/)
[2026-04-30 00:55:09] INFO: Fetched (200) <GET https://sellerocean.com/bbs_detail.php?bbs_num=342&tb=sales> (referer: https://www.google.com/)
[2026-04-30 00:55:10] INFO: Fetched (200) <GET https://sellerocean.com/bbs_detail.php?bbs_num=341&tb=sales> (referer: https://www.google.com/)
[2026-04-30 00:55:10] INFO: Fetched (200) <GET https://sellerocean.com/bbs_detail.php?bbs_num=340&tb=sales> (referer: https://www.google.com/)
[2026-04-30 00:55:11] INFO: Fetched (200) <GET https://sellerocean.com/bbs_detail.php?bbs_num=338&tb=sales> (referer: https://www.google.com/)
[2026-04-30 00:55:11] INFO: Fetched (200) <GET https://sellerocean.com/bbs_detail.php?bbs_num=339&tb=sales> (referer: https://www.google.com/)
[2026-04-30 00:55:11] INFO: Fetched (200) <GET https://sellerocean.com/bbs_detail.php?bbs_num=337&tb=sales> (referer: https://www.google.com/)
[2026-04-30 00:55:12] INFO: Fetched (200) <GET https://sellerocean.com/bbs_detail.php?bbs_num=336&tb=sales> (referer: https://www.google.com/)
[2026-04-30 00:55:13] INFO: Fetched (200) <GET https://sellerocean.com/bbs_detail.php?bbs_num=335&tb=sales> (referer: https://www.google.com/)
[2026-04-30 00:55:14] INFO: Fetched (200) <GET https://sellerocean.com/bbs_detail.php?bbs_num=333&tb=sales> (referer: https://www.google.com/)
[2026-04-30 00:55:14] INFO: Fetched (200) <GET https://sellerocean.com/bbs_detail.php?bbs_num=334&tb=sales> (referer: https://www.google.com/)
[2026-04-30 00:55:14] INFO: Fetched (200) <GET https://sellerocean.com/bbs_detail.php?bbs_num=332&tb=sales> (referer: https://www.google.com/)
[2026-04-30 00:55:15] INFO: Fetched (200) <GET https://sellerocean.com/bbs_detail.php?bbs_num=330&tb=sales> (referer: https://www.google.com/)
  [500/598] ok=500 fail=0
[2026-04-30 00:55:15] INFO: Fetched (200) <GET https://sellerocean.com/bbs_detail.php?bbs_num=329&tb=sales> (referer: https://www.google.com/)
[2026-04-30 00:55:16] INFO: Fetched (200) <GET https://sellerocean.com/bbs_detail.php?bbs_num=316&tb=sales> (referer: https://www.google.com/)
[2026-04-30 00:55:16] INFO: Fetched (200) <GET https://sellerocean.com/bbs_detail.php?bbs_num=327&tb=sales> (referer: https://www.google.com/)
[2026-04-30 00:55:16] INFO: Fetched (200) <GET https://sellerocean.com/bbs_detail.php?bbs_num=328&tb=sales> (referer: https://www.google.com/)
[2026-04-30 00:55:17] INFO: Fetched (200) <GET https://sellerocean.com/bbs_detail.php?bbs_num=315&tb=sales> (referer: https://www.google.com/)
[2026-04-30 00:55:18] INFO: Fetched (200) <GET https://sellerocean.com/bbs_detail.php?bbs_num=312&tb=sales> (referer: https://www.google.com/)
[2026-04-30 00:55:18] INFO: Fetched (200) <GET https://sellerocean.com/bbs_detail.php?bbs_num=313&tb=sales> (referer: https://www.google.com/)
[2026-04-30 00:55:18] INFO: Fetched (200) <GET https://sellerocean.com/bbs_detail.php?bbs_num=314&tb=sales> (referer: https://www.google.com/)
[2026-04-30 00:55:18] INFO: Fetched (200) <GET https://sellerocean.com/bbs_detail.php?bbs_num=311&tb=sales> (referer: https://www.google.com/)
[2026-04-30 00:55:19] INFO: Fetched (200) <GET https://sellerocean.com/bbs_detail.php?bbs_num=310&tb=sales> (referer: https://www.google.com/)
[2026-04-30 00:55:20] INFO: Fetched (200) <GET https://sellerocean.com/bbs_detail.php?bbs_num=307&tb=sales> (referer: https://www.google.com/)
[2026-04-30 00:55:20] INFO: Fetched (200) <GET https://sellerocean.com/bbs_detail.php?bbs_num=306&tb=sales> (referer: https://www.google.com/)
[2026-04-30 00:55:20] INFO: Fetched (200) <GET https://sellerocean.com/bbs_detail.php?bbs_num=308&tb=sales> (referer: https://www.google.com/)
[2026-04-30 00:55:20] INFO: Fetched (200) <GET https://sellerocean.com/bbs_detail.php?bbs_num=309&tb=sales> (referer: https://www.google.com/)
[2026-04-30 00:55:21] INFO: Fetched (200) <GET https://sellerocean.com/bbs_detail.php?bbs_num=305&tb=sales> (referer: https://www.google.com/)
[2026-04-30 00:55:22] INFO: Fetched (200) <GET https://sellerocean.com/bbs_detail.php?bbs_num=304&tb=sales> (referer: https://www.google.com/)
[2026-04-30 00:55:22] INFO: Fetched (200) <GET https://sellerocean.com/bbs_detail.php?bbs_num=303&tb=sales> (referer: https://www.google.com/)
[2026-04-30 00:55:22] INFO: Fetched (200) <GET https://sellerocean.com/bbs_detail.php?bbs_num=302&tb=sales> (referer: https://www.google.com/)
[2026-04-30 00:55:22] INFO: Fetched (200) <GET https://sellerocean.com/bbs_detail.php?bbs_num=301&tb=sales> (referer: https://www.google.com/)
[2026-04-30 00:55:24] INFO: Fetched (200) <GET https://sellerocean.com/bbs_detail.php?bbs_num=299&tb=sales> (referer: https://www.google.com/)
[2026-04-30 00:55:24] INFO: Fetched (200) <GET https://sellerocean.com/bbs_detail.php?bbs_num=300&tb=sales> (referer: https://www.google.com/)
[2026-04-30 00:55:25] INFO: Fetched (200) <GET https://sellerocean.com/bbs_detail.php?bbs_num=297&tb=sales> (referer: https://www.google.com/)
[2026-04-30 00:55:25] INFO: Fetched (200) <GET https://sellerocean.com/bbs_detail.php?bbs_num=298&tb=sales> (referer: https://www.google.com/)
[2026-04-30 00:55:25] INFO: Fetched (200) <GET https://sellerocean.com/bbs_detail.php?bbs_num=286&tb=sales> (referer: https://www.google.com/)
[2026-04-30 00:55:26] INFO: Fetched (200) <GET https://sellerocean.com/bbs_detail.php?bbs_num=285&tb=sales> (referer: https://www.google.com/)
  [525/598] ok=525 fail=0
[2026-04-30 00:55:26] INFO: Fetched (200) <GET https://sellerocean.com/bbs_detail.php?bbs_num=284&tb=sales> (referer: https://www.google.com/)
[2026-04-30 00:55:27] INFO: Fetched (200) <GET https://sellerocean.com/bbs_detail.php?bbs_num=283&tb=sales> (referer: https://www.google.com/)
[2026-04-30 00:55:27] INFO: Fetched (200) <GET https://sellerocean.com/bbs_detail.php?bbs_num=281&tb=sales> (referer: https://www.google.com/)
[2026-04-30 00:55:27] INFO: Fetched (200) <GET https://sellerocean.com/bbs_detail.php?bbs_num=280&tb=sales> (referer: https://www.google.com/)
[2026-04-30 00:55:27] INFO: Fetched (200) <GET https://sellerocean.com/bbs_detail.php?bbs_num=278&tb=sales> (referer: https://www.google.com/)
[2026-04-30 00:55:27] INFO: Fetched (200) <GET https://sellerocean.com/bbs_detail.php?bbs_num=279&tb=sales> (referer: https://www.google.com/)
[2026-04-30 00:55:28] INFO: Fetched (200) <GET https://sellerocean.com/bbs_detail.php?bbs_num=277&tb=sales> (referer: https://www.google.com/)
[2026-04-30 00:55:28] INFO: Fetched (200) <GET https://sellerocean.com/bbs_detail.php?bbs_num=276&tb=sales> (referer: https://www.google.com/)
[2026-04-30 00:55:28] INFO: Fetched (200) <GET https://sellerocean.com/bbs_detail.php?bbs_num=275&tb=sales> (referer: https://www.google.com/)
[2026-04-30 00:55:28] INFO: Fetched (200) <GET https://sellerocean.com/bbs_detail.php?bbs_num=274&tb=sales> (referer: https://www.google.com/)
[2026-04-30 00:55:29] INFO: Fetched (200) <GET https://sellerocean.com/bbs_detail.php?bbs_num=273&tb=sales> (referer: https://www.google.com/)
[2026-04-30 00:55:29] INFO: Fetched (200) <GET https://sellerocean.com/bbs_detail.php?bbs_num=272&tb=sales> (referer: https://www.google.com/)
[2026-04-30 00:55:30] INFO: Fetched (200) <GET https://sellerocean.com/bbs_detail.php?bbs_num=269&tb=sales> (referer: https://www.google.com/)
[2026-04-30 00:55:30] INFO: Fetched (200) <GET https://sellerocean.com/bbs_detail.php?bbs_num=270&tb=sales> (referer: https://www.google.com/)
[2026-04-30 00:55:30] INFO: Fetched (200) <GET https://sellerocean.com/bbs_detail.php?bbs_num=271&tb=sales> (referer: https://www.google.com/)
[2026-04-30 00:55:30] INFO: Fetched (200) <GET https://sellerocean.com/bbs_detail.php?bbs_num=268&tb=sales> (referer: https://www.google.com/)
[2026-04-30 00:55:30] INFO: Fetched (200) <GET https://sellerocean.com/bbs_detail.php?bbs_num=267&tb=sales> (referer: https://www.google.com/)
[2026-04-30 00:55:31] INFO: Fetched (200) <GET https://sellerocean.com/bbs_detail.php?bbs_num=255&tb=sales> (referer: https://www.google.com/)
[2026-04-30 00:55:31] INFO: Fetched (200) <GET https://sellerocean.com/bbs_detail.php?bbs_num=266&tb=sales> (referer: https://www.google.com/)
[2026-04-30 00:55:31] INFO: Fetched (200) <GET https://sellerocean.com/bbs_detail.php?bbs_num=254&tb=sales> (referer: https://www.google.com/)
[2026-04-30 00:55:31] INFO: Fetched (200) <GET https://sellerocean.com/bbs_detail.php?bbs_num=253&tb=sales> (referer: https://www.google.com/)
[2026-04-30 00:55:32] INFO: Fetched (200) <GET https://sellerocean.com/bbs_detail.php?bbs_num=252&tb=sales> (referer: https://www.google.com/)
[2026-04-30 00:55:32] INFO: Fetched (200) <GET https://sellerocean.com/bbs_detail.php?bbs_num=251&tb=sales> (referer: https://www.google.com/)
[2026-04-30 00:55:32] INFO: Fetched (200) <GET https://sellerocean.com/bbs_detail.php?bbs_num=250&tb=sales> (referer: https://www.google.com/)
[2026-04-30 00:55:32] INFO: Fetched (200) <GET https://sellerocean.com/bbs_detail.php?bbs_num=248&tb=sales> (referer: https://www.google.com/)
  [550/598] ok=550 fail=0
[2026-04-30 00:55:33] INFO: Fetched (200) <GET https://sellerocean.com/bbs_detail.php?bbs_num=249&tb=sales> (referer: https://www.google.com/)
[2026-04-30 00:55:33] INFO: Fetched (200) <GET https://sellerocean.com/bbs_detail.php?bbs_num=247&tb=sales> (referer: https://www.google.com/)
[2026-04-30 00:55:33] INFO: Fetched (200) <GET https://sellerocean.com/bbs_detail.php?bbs_num=246&tb=sales> (referer: https://www.google.com/)
[2026-04-30 00:55:33] INFO: Fetched (200) <GET https://sellerocean.com/bbs_detail.php?bbs_num=244&tb=sales> (referer: https://www.google.com/)
[2026-04-30 00:55:34] INFO: Fetched (200) <GET https://sellerocean.com/bbs_detail.php?bbs_num=245&tb=sales> (referer: https://www.google.com/)
[2026-04-30 00:55:34] INFO: Fetched (200) <GET https://sellerocean.com/bbs_detail.php?bbs_num=243&tb=sales> (referer: https://www.google.com/)
[2026-04-30 00:55:34] INFO: Fetched (200) <GET https://sellerocean.com/bbs_detail.php?bbs_num=242&tb=sales> (referer: https://www.google.com/)
[2026-04-30 00:55:34] INFO: Fetched (200) <GET https://sellerocean.com/bbs_detail.php?bbs_num=3&tb=trouble> (referer: https://www.google.com/)
[2026-04-30 00:55:35] INFO: Fetched (200) <GET https://sellerocean.com/bbs_detail.php?bbs_num=146&tb=trouble> (referer: https://www.google.com/)
[2026-04-30 00:55:35] INFO: Fetched (200) <GET https://sellerocean.com/bbs_detail.php?bbs_num=145&tb=trouble> (referer: https://www.google.com/)
[2026-04-30 00:55:35] INFO: Fetched (200) <GET https://sellerocean.com/bbs_detail.php?bbs_num=144&tb=trouble> (referer: https://www.google.com/)
[2026-04-30 00:55:35] INFO: Fetched (200) <GET https://sellerocean.com/bbs_detail.php?bbs_num=143&tb=trouble> (referer: https://www.google.com/)
[2026-04-30 00:55:36] INFO: Fetched (200) <GET https://sellerocean.com/bbs_detail.php?bbs_num=142&tb=trouble> (referer: https://www.google.com/)
[2026-04-30 00:55:36] INFO: Fetched (200) <GET https://sellerocean.com/bbs_detail.php?bbs_num=141&tb=trouble> (referer: https://www.google.com/)
[2026-04-30 00:55:36] INFO: Fetched (200) <GET https://sellerocean.com/bbs_detail.php?bbs_num=140&tb=trouble> (referer: https://www.google.com/)
[2026-04-30 00:55:36] INFO: Fetched (200) <GET https://sellerocean.com/bbs_detail.php?bbs_num=139&tb=trouble> (referer: https://www.google.com/)
[2026-04-30 00:55:37] INFO: Fetched (200) <GET https://sellerocean.com/bbs_detail.php?bbs_num=138&tb=trouble> (referer: https://www.google.com/)
[2026-04-30 00:55:37] INFO: Fetched (200) <GET https://sellerocean.com/bbs_detail.php?bbs_num=137&tb=trouble> (referer: https://www.google.com/)
[2026-04-30 00:55:37] INFO: Fetched (200) <GET https://sellerocean.com/bbs_detail.php?bbs_num=136&tb=trouble> (referer: https://www.google.com/)
[2026-04-30 00:55:38] INFO: Fetched (200) <GET https://sellerocean.com/bbs_detail.php?bbs_num=135&tb=trouble> (referer: https://www.google.com/)
[2026-04-30 00:55:38] INFO: Fetched (200) <GET https://sellerocean.com/bbs_detail.php?bbs_num=134&tb=trouble> (referer: https://www.google.com/)
[2026-04-30 00:55:38] INFO: Fetched (200) <GET https://sellerocean.com/bbs_detail.php?bbs_num=133&tb=trouble> (referer: https://www.google.com/)
[2026-04-30 00:55:38] INFO: Fetched (200) <GET https://sellerocean.com/bbs_detail.php?bbs_num=132&tb=trouble> (referer: https://www.google.com/)
[2026-04-30 00:55:39] INFO: Fetched (200) <GET https://sellerocean.com/bbs_detail.php?bbs_num=131&tb=trouble> (referer: https://www.google.com/)
[2026-04-30 00:55:39] INFO: Fetched (200) <GET https://sellerocean.com/bbs_detail.php?bbs_num=130&tb=trouble> (referer: https://www.google.com/)
  [575/598] ok=575 fail=0
[2026-04-30 00:55:39] INFO: Fetched (200) <GET https://sellerocean.com/bbs_detail.php?bbs_num=129&tb=trouble> (referer: https://www.google.com/)
[2026-04-30 00:55:39] INFO: Fetched (200) <GET https://sellerocean.com/bbs_detail.php?bbs_num=128&tb=trouble> (referer: https://www.google.com/)
[2026-04-30 00:55:40] INFO: Fetched (200) <GET https://sellerocean.com/bbs_detail.php?bbs_num=127&tb=trouble> (referer: https://www.google.com/)
[2026-04-30 00:55:40] INFO: Fetched (200) <GET https://sellerocean.com/bbs_detail.php?bbs_num=116&tb=trouble> (referer: https://www.google.com/)
[2026-04-30 00:55:40] INFO: Fetched (200) <GET https://sellerocean.com/bbs_detail.php?bbs_num=114&tb=trouble> (referer: https://www.google.com/)
[2026-04-30 00:55:40] INFO: Fetched (200) <GET https://sellerocean.com/bbs_detail.php?bbs_num=115&tb=trouble> (referer: https://www.google.com/)
[2026-04-30 00:55:40] INFO: Fetched (200) <GET https://sellerocean.com/bbs_detail.php?bbs_num=113&tb=trouble> (referer: https://www.google.com/)
[2026-04-30 00:55:41] INFO: Fetched (200) <GET https://sellerocean.com/bbs_detail.php?bbs_num=111&tb=trouble> (referer: https://www.google.com/)
[2026-04-30 00:55:41] INFO: Fetched (200) <GET https://sellerocean.com/bbs_detail.php?bbs_num=112&tb=trouble> (referer: https://www.google.com/)
[2026-04-30 00:55:41] INFO: Fetched (200) <GET https://sellerocean.com/bbs_detail.php?bbs_num=110&tb=trouble> (referer: https://www.google.com/)
[2026-04-30 00:55:41] INFO: Fetched (200) <GET https://sellerocean.com/bbs_detail.php?bbs_num=109&tb=trouble> (referer: https://www.google.com/)
[2026-04-30 00:55:42] INFO: Fetched (200) <GET https://sellerocean.com/bbs_detail.php?bbs_num=108&tb=trouble> (referer: https://www.google.com/)
[2026-04-30 00:55:42] INFO: Fetched (200) <GET https://sellerocean.com/bbs_detail.php?bbs_num=107&tb=trouble> (referer: https://www.google.com/)
[2026-04-30 00:55:42] INFO: Fetched (200) <GET https://sellerocean.com/bbs_detail.php?bbs_num=106&tb=trouble> (referer: https://www.google.com/)
[2026-04-30 00:55:42] INFO: Fetched (200) <GET https://sellerocean.com/bbs_detail.php?bbs_num=105&tb=trouble> (referer: https://www.google.com/)
[2026-04-30 00:55:43] INFO: Fetched (200) <GET https://sellerocean.com/bbs_detail.php?bbs_num=104&tb=trouble> (referer: https://www.google.com/)
[2026-04-30 00:55:43] INFO: Fetched (200) <GET https://sellerocean.com/bbs_detail.php?bbs_num=103&tb=trouble> (referer: https://www.google.com/)
[2026-04-30 00:55:43] INFO: Fetched (200) <GET https://sellerocean.com/bbs_detail.php?bbs_num=102&tb=trouble> (referer: https://www.google.com/)
[2026-04-30 00:55:43] INFO: Fetched (200) <GET https://sellerocean.com/bbs_detail.php?bbs_num=101&tb=trouble> (referer: https://www.google.com/)
[2026-04-30 00:55:44] INFO: Fetched (200) <GET https://sellerocean.com/bbs_detail.php?bbs_num=100&tb=trouble> (referer: https://www.google.com/)
[2026-04-30 00:55:44] INFO: Fetched (200) <GET https://sellerocean.com/bbs_detail.php?bbs_num=99&tb=trouble> (referer: https://www.google.com/)
[2026-04-30 00:55:44] INFO: Fetched (200) <GET https://sellerocean.com/bbs_detail.php?bbs_num=98&tb=trouble> (referer: https://www.google.com/)
[2026-04-30 00:55:45] INFO: Fetched (200) <GET https://sellerocean.com/bbs_detail.php?bbs_num=97&tb=trouble> (referer: https://www.google.com/)
  [598/598] ok=598 fail=0
[done] appended 598 posts to posts_yearly.jsonl (failed 0)
